video,moisture,spring,displacement,motor,U,L_1,L_2,L_3,L_4,C_1,C_2,C_3,C_4,O,X
*GH012974,7,2000,0.22,30,0,0,0,0,1,0,1,0,0,1,0
*GH012975,7,2000,0.22,30,0,0,0,0,1,0,0,0,1,1,0
*GH012976,7,2000,0.22,30,0,0,0,0,1,0,0,1,0,1,0
*GH012977,7,2000,0.22,30,0,0,0,0,1,0,0,1,0,1,0
*GH012978,7,2000,0.22,30,0,0,0,0,1,0,0,0,1,1,0
*GH013154,9,2000,0.22,45,0,0,0,0,1,0,0,0,1,1,0
*GH013155,9,2000,0.22,45,0,0,0,0,1,0,0,1,0,1,0
*GH013186,9,2000,0.29,60,0,0,0,0,1,0,0,0,1,1,0
*GH013187,9,2000,0.29,60,0,0,0,0,1,0,1,0,0,1,0
*GH013188,9,2000,0.29,60,0,0,0,0,1,1,0,0,0,1,0
*GH013189,9,2000,0.29,60,0,0,0,1,0,0,1,0,0,1,0
*GH013190,9,2000,0.29,60,0,0,0,0,1,1,0,0,0,0,0
*GH013191,9,2000,0.36,30,0,0,0,1,0,1,0,0,0,0,0
*GH013192,9,2000,0.36,30,0,0,0,0,1,0,0,1,0,1,0
*GH013193,9,2000,0.36,30,1,0,0,0,0,0,0,0,0,0,0
*GH013194,9,2000,0.36,30,0,0,0,1,0,1,0,0,0,0,0
*GH013195,9,2000,0.36,30,0,0,0,0,1,0,0,0,0,0,0
*GH013196,9,2000,0.36,30,1,0,0,0,0,0,0,0,0,0,0
*GH013197,9,2000,0.36,60,0,0,0,0,1,0,0,0,1,0,1
*GH013198,9,2000,0.36,60,1,0,0,0,0,0,0,0,0,0,0
*GH013199,9,2000,0.36,60,0,0,0,1,0,0,0,0,1,1,0
*GH013200,9,2000,0.36,60,0,0,0,0,1,0,1,0,0,1,0
*GH013202,9,2000,0.36,60,0,0,0,0,1,0,1,0,0,1,0
*GH013203,9,2000,0.29,45,0,0,0,0,1,0,0,1,0,1,0
*GH013204,9,2000,0.29,45,0,0,0,0,1,0,1,0,0,1,0
*GH013205,9,2000,0.29,45,0,0,0,0,1,0,1,0,0,1,0
*GH013206,9,2000,0.29,45,0,0,0,1,0,1,0,0,0,1,0
*GH013207,9,2000,0.29,45,0,0,0,0,1,0,1,0,0,1,0
*GH013208,9,2000,0.29,45,0,0,0,0,1,0,0,0,1,1,0
*GH013209,9,2000,0.29,30,0,0,0,0,1,0,0,1,0,1,0
*GH013210,9,2000,0.29,30,0,0,0,0,1,1,0,0,0,0,0
*GH013211,9,2000,0.29,30,0,0,0,0,1,0,0,1,0,1,0
*GH013212,9,2000,0.29,30,0,0,0,0,1,0,0,1,0,1,0
*GH013213,9,2000,0.29,30,0,0,0,0,1,0,0,1,0,1,0
*GH013214,9,2000,0.29,30,0,0,0,0,1,0,1,0,0,0,0
*GH013215,9,2000,0.36,45,0,0,0,0,1,0,0,0,1,1,0
*GH013216,9,2000,0.36,45,0,0,0,0,1,0,1,0,0,0,0
*GH013217,9,2000,0.36,45,1,0,0,0,0,0,0,0,0,0,0
*GH013218,9,2000,0.36,45,0,0,0,1,0,1,0,0,0,0,0
*GH013219,9,2000,0.36,45,0,0,0,0,1,1,0,0,0,0,0
*GH013220,9,2000,0.36,45,1,0,0,0,0,0,0,0,0,0,0
*GH013221,9,2000,0.29,60,0,0,0,0,1,0,0,1,0,1,0
*GH013222,9,2000,0.29,60,0,0,0,0,1,0,0,1,0,1,0
*GH013223,9,2000,0.29,60,0,0,0,0,1,0,0,1,0,1,0
*GH013224,9,2000,0.29,60,0,0,0,0,1,0,0,1,0,1,0
*GH013225,9,2000,0.29,60,0,0,0,0,1,0,0,1,0,1,0
*GH013226,9,2000,0.29,60,0,0,0,0,1,0,0,1,0,1,0
*GH013580,7,1800,0.36,45,0,0,0,0,1,0,1,0,0,1,0
*GH013581,7,1800,0.36,45,0,0,0,0,1,1,0,0,0,0,0
*GH013582,7,1800,0.36,45,0,0,0,0,1,0,1,0,0,0,0
*GH013583,7,1800,0.36,45,0,0,0,0,1,0,0,1,0,1,0
*GH013584,7,1800,0.36,45,0,0,0,0,1,0,0,0,1,1,0
*GH013585,7,1800,0.36,45,1,0,0,0,0,0,0,0,0,0,0
*GH013586,7,1800,0.22,45,0,0,0,0,1,0,0,0,1,1,0
*GH013587,7,1800,0.22,45,0,0,0,0,1,0,0,0,1,1,0
*GH013588,7,1800,0.22,45,0,0,0,0,1,0,0,0,1,1,0
*GH013589,7,1800,0.22,45,0,0,0,0,1,0,0,0,1,1,0
*GH013590,7,1800,0.29,30,0,0,0,0,1,0,0,1,0,1,0
*GH013591,7,1800,0.29,30,0,0,0,0,1,0,1,0,0,1,0
*GH013592,7,1800,0.29,30,0,0,0,0,1,0,1,0,0,1,0
*GH013593,7,1800,0.29,30,0,0,0,0,1,0,1,0,0,1,0
*GH013594,7,1800,0.29,30,0,0,0,0,1,0,0,0,1,1,0
*GH013595,7,1800,0.29,30,0,0,0,0,1,1,0,0,0,0,0
*GH013596,7,1800,0.22,30,0,0,0,0,1,0,0,0,1,1,0
*GH013597,7,1800,0.22,30,0,0,0,0,1,0,0,1,0,1,0
*GH013598,7,1800,0.22,30,0,0,0,0,1,0,0,0,1,1,0
*GH013599,7,1800,0.22,30,0,0,0,0,1,0,0,0,1,1,0
*GH013600,7,1800,0.22,30,0,0,0,0,1,0,0,0,1,1,0
*GH013601,7,1800,0.22,30,0,0,0,0,1,0,0,0,1,1,0
*GH013602,7,1800,0.29,45,0,0,0,0,1,0,0,1,0,1,0
*GH013603,7,1800,0.29,45,0,0,0,0,1,1,0,0,0,0,0
*GH013604,7,1800,0.29,45,0,0,0,0,1,0,1,0,0,1,0
*GH013605,7,1800,0.29,45,0,0,0,0,1,0,1,0,0,1,0
*GH013606,7,1800,0.29,45,0,0,0,0,1,0,0,0,1,1,0
*GH013607,7,1800,0.29,45,0,0,0,0,1,0,1,0,0,1,0
*GH013608,7,1800,0.22,45,0,0,0,0,1,0,0,0,1,1,0
*GH013609,7,1800,0.22,45,0,0,0,0,1,0,0,0,1,1,0
*GH013610,7,1800,0.22,45,0,0,0,0,1,0,0,0,1,1,0
*GH013611,7,1800,0.22,45,0,0,0,0,1,0,0,0,1,1,0
*GH013612,7,1800,0.22,45,0,0,0,0,1,0,0,0,1,1,0
*GH013662,9,1800,0.36,60,0,0,0,0,1,0,0,0,1,1,1
*GH013746,9,1800,0.36,60,0,0,0,0,1,1,0,0,0,0,0
*GH013747,9,1800,0.36,60,1,0,0,0,0,0,0,0,0,0,0
*GH013748,9,1800,0.36,60,0,0,0,0,1,1,0,0,0,0,0
*GH013749,9,1800,0.36,60,1,0,0,0,0,0,0,0,0,0,0
*GH013750,9,1800,0.22,60,0,0,0,0,1,0,1,0,0,1,0
*GH013751,9,1800,0.22,60,0,0,0,0,1,1,0,0,0,0,0
*GH013752,9,1800,0.22,60,0,0,0,0,1,1,0,0,0,1,0
*GH013753,9,1800,0.22,60,0,0,0,0,1,0,0,1,0,1,0
*GH013754,9,1800,0.22,60,0,0,0,0,1,0,0,1,0,1,0
*GH013755,9,1800,0.22,60,0,0,0,0,1,0,0,1,0,1,0
*GH013756,9,1800,0.36,45,0,0,0,0,1,0,1,0,0,0,0
*GH013757,9,1800,0.36,45,1,0,0,0,0,0,0,0,0,0,0
*GH013758,9,1800,0.36,45,1,0,0,0,0,0,0,0,0,0,0
*GH013759,9,1800,0.36,45,0,0,0,0,1,1,0,0,0,0,0
*GH013760,9,1800,0.36,45,0,0,0,1,0,1,0,0,0,0,0
*GH013761,9,1800,0.36,45,0,0,0,0,1,0,0,0,1,1,1
*GH013762,9,1800,0.29,45,1,0,0,0,0,0,0,0,0,0,0
*GH013763,9,1800,0.29,45,0,0,0,0,1,1,0,0,0,0,0
*GH013764,9,1800,0.29,45,1,0,0,0,0,0,0,0,0,0,0
*GH013765,9,1800,0.29,45,0,0,0,0,1,1,0,0,0,0,0
*GH013766,9,1800,0.29,45,1,0,0,0,0,0,0,0,0,0,0
*GH013767,9,1800,0.29,45,0,0,1,0,0,1,0,0,0,0,0
*GH013768,9,1800,0.29,30,0,0,0,1,0,1,0,0,0,0,0
*GH013769,9,1800,0.29,30,0,0,0,0,1,1,0,0,0,0,0
*GH013770,9,1800,0.29,30,1,0,0,0,0,0,0,0,0,0,0
*GH013771,9,1800,0.29,30,0,0,0,0,1,0,0,0,1,1,1
*GH013772,9,1800,0.29,30,0,0,0,0,1,1,0,0,0,0,0
*GH013773,9,1800,0.29,30,1,0,0,0,0,0,0,0,0,0,0
*GH013780,9,1800,0.22,30,0,0,0,0,1,0,0,1,0,1,0
*GH013781,9,1800,0.22,30,0,0,0,1,0,1,0,0,0,0,0
*GH013782,9,1800,0.22,30,0,0,0,0,1,0,0,0,1,1,0
*GH013783,9,1800,0.22,30,0,0,0,0,1,0,1,0,0,1,0
*GH013784,9,1800,0.22,30,0,0,0,0,1,0,0,0,1,1,0
*GH013785,9,1800,0.22,30,0,0,0,0,1,1,0,0,0,0,0
*GH013786,9,1800,0.36,60,1,0,0,0,0,0,0,0,0,0,0
*GH013787,9,1800,0.36,60,1,0,0,0,0,0,0,0,0,0,0
*GH013788,9,1800,0.36,60,0,0,0,0,1,0,0,0,1,1,1
*GH013789,9,1800,0.36,60,0,0,0,0,1,0,1,0,0,0,0
*GH013790,9,1800,0.36,60,1,0,0,0,0,0,0,0,0,0,0
*GH013791,9,1800,0.36,60,0,0,0,0,1,1,0,0,0,0,0
*GH013792,9,1800,0.29,60,1,0,0,0,0,0,0,0,0,0,0
*GH013793,9,1800,0.29,60,0,0,0,1,0,1,0,0,0,0,0
*GH013794,9,1800,0.29,60,0,0,0,0,1,1,0,0,0,0,0
*GH013795,9,1800,0.29,60,0,0,0,1,0,1,0,0,0,0,0
*GH013796,9,1800,0.29,60,0,0,0,0,1,1,0,0,0,0,0
*GH013797,9,1800,0.29,60,0,0,0,1,0,1,0,0,0,0,0
*GH013798,9,1800,0.22,45,1,0,0,0,0,0,0,0,0,0,0
*GH013799,9,1800,0.22,45,1,0,0,0,0,0,0,0,0,0,0
*GH013800,9,1800,0.22,45,0,0,0,0,1,1,0,0,0,0,0
*GH013801,9,1800,0.22,45,0,0,0,0,1,1,0,0,0,0,0
*GH013802,9,1800,0.22,45,0,0,0,0,1,0,0,0,1,1,1
*GH013803,9,1800,0.22,45,1,0,0,0,0,0,0,0,0,0,0
*GH013804,9,1800,0.36,45,0,0,0,0,1,0,0,0,1,1,1
*GH013805,9,1800,0.36,45,0,0,0,0,1,0,0,0,1,1,0
*GH013806,9,1800,0.36,45,0,0,0,0,1,0,0,0,1,1,0
*GH013807,9,1800,0.36,45,1,0,0,0,0,0,0,0,0,0,0
*GH013808,9,1800,0.36,45,0,0,0,1,0,1,0,0,0,0,0
*GH013809,9,1800,0.36,45,0,0,0,0,1,1,0,0,0,0,0
*GH013810,5,1800,0.29,60,0,0,0,0,1,0,0,0,1,1,0
*GH013811,5,1800,0.29,60,0,0,0,0,1,0,0,0,1,1,0
*GH013812,5,1800,0.29,60,0,0,0,0,1,0,1,0,0,1,0
*GH013813,5,1800,0.29,60,0,0,0,0,1,0,1,0,0,1,0
*GH013814,5,1800,0.29,60,0,0,0,0,1,0,1,0,0,1,0
*GH013815,5,1800,0.29,60,0,0,0,0,1,0,0,0,1,1,0
*GH013816,5,1800,0.22,45,0,0,0,0,1,0,0,0,1,1,0
*GH013817,5,1800,0.22,45,0,0,0,0,1,0,0,0,1,1,0
*GH013818,5,1800,0.22,45,0,0,0,0,1,0,1,0,0,1,0
*GH013819,5,1800,0.22,45,0,0,0,0,1,0,0,0,1,1,0
*GH013820,5,1800,0.22,45,0,0,0,0,1,0,0,0,1,1,0
*GH013821,5,1800,0.22,45,0,0,0,0,1,0,0,1,0,1,0
*GH013822,5,1800,0.36,30,1,0,0,0,0,0,0,0,0,0,0
*GH013823,5,1800,0.36,30,0,0,0,1,0,1,0,0,0,1,0
*GH013824,5,1800,0.36,30,0,0,0,0,1,0,0,1,0,1,0
*GH013825,5,1800,0.36,30,0,0,0,0,1,0,0,0,1,1,0
*GH013826,5,1800,0.36,30,0,0,0,0,1,1,0,0,0,0,0
*GH013827,5,1800,0.36,30,0,0,0,0,1,0,0,1,0,1,0
*GH013828,5,1800,0.36,60,0,0,0,0,1,0,0,1,0,1,0
*GH013829,5,1800,0.36,60,0,0,0,0,1,1,0,0,0,0,0
*GH013830,5,1800,0.36,60,0,0,0,0,1,0,1,0,0,1,0
*GH013831,5,1800,0.36,60,0,0,0,0,1,0,0,0,1,1,0
*GH013832,5,1800,0.36,60,1,0,0,0,0,0,0,0,0,0,0
*GH013833,5,1800,0.36,60,0,0,0,0,1,0,1,0,0,1,0
*GH013834,5,1800,0.22,30,0,0,0,0,1,0,0,0,1,1,0
*GH013835,5,1800,0.22,30,0,0,0,0,1,0,0,0,1,1,0
*GH013836,5,1800,0.22,30,0,0,0,0,1,0,0,1,0,1,0
*GH013837,5,1800,0.22,30,0,0,0,0,1,0,0,0,1,1,0
*GH013838,5,1800,0.22,30,0,0,0,0,1,0,0,0,1,1,0
*GH013839,5,1800,0.22,30,0,0,0,0,1,0,0,0,1,1,0
*GH013840,5,1800,0.29,45,0,0,0,0,1,0,0,0,1,1,0
*GH013841,5,1800,0.29,45,0,0,0,0,1,0,0,0,1,1,0
*GH013842,5,1800,0.29,45,0,0,0,0,1,0,0,0,1,1,1
*GH013843,5,1800,0.29,45,0,0,0,0,1,0,1,0,0,0,0
*GH013844,5,1800,0.29,45,0,0,0,0,1,0,0,1,1,1,0
*GH013845,5,1800,0.29,30,0,0,0,0,1,0,0,1,0,1,0
*GH013846,5,1800,0.29,30,0,0,0,0,1,0,0,0,1,1,0
*GH013847,5,1800,0.29,30,0,0,0,0,1,0,0,1,0,1,0
*GH013848,5,1800,0.29,30,0,0,0,1,0,0,1,0,0,0,0
*GH013849,5,1800,0.29,30,0,0,0,0,1,0,0,1,0,1,0
*GH013850,5,1800,0.29,30,0,0,0,0,1,0,0,0,1,1,0
*GH013851,5,1800,0.36,45,0,0,0,1,0,1,0,0,0,0,0
*GH013852,5,1800,0.36,45,0,0,0,0,1,0,1,0,0,1,0
*GH013853,5,1800,0.36,45,0,0,0,0,1,0,0,0,1,1,0
*GH013854,5,1800,0.36,45,0,0,0,0,1,0,0,1,0,1,0
*GH013855,5,1800,0.36,45,0,0,0,1,0,1,0,0,0,0,0
*GH013856,5,1800,0.36,45,0,0,0,0,1,0,1,0,0,0,0
*GH013857,5,1800,0.22,60,0,0,0,0,1,0,0,1,0,1,0
*GH013858,5,1800,0.22,60,0,0,0,0,1,0,0,0,1,1,0
*GH013859,5,1800,0.22,60,0,0,0,0,1,0,0,0,1,1,0
*GH013860,5,1800,0.22,60,0,0,0,0,1,0,0,0,1,1,0
*GH013861,5,1800,0.22,60,0,0,0,0,1,0,0,1,0,1,0
*GH013862,5,1800,0.22,60,0,0,0,0,1,0,0,0,1,1,0
*GH013863,5,1800,0.22,30,0,0,0,0,1,0,0,0,1,1,0
*GH013864,5,1800,0.22,30,0,0,0,0,1,0,0,0,1,1,0
*GH013865,5,1800,0.22,30,0,0,0,0,1,0,0,0,1,1,0
*GH013866,5,1800,0.22,30,0,0,0,0,1,0,0,1,0,1,0
*GH013867,5,1800,0.22,30,0,0,0,0,1,0,0,1,0,1,0
*GH013868,5,1800,0.22,30,0,0,0,0,1,0,0,0,1,1,0
*GH013869,5,1800,0.29,60,0,0,0,0,1,0,0,0,1,1,0
*GH013870,5,1800,0.29,60,0,0,0,0,1,0,1,0,0,1,0
*GH013871,5,1800,0.29,60,0,0,0,0,1,0,0,1,0,1,0
*GH013872,5,1800,0.29,60,0,0,0,0,1,0,0,1,0,0,0
*GH013873,5,1800,0.29,60,0,0,0,0,1,0,1,0,0,1,0
*GH013874,5,1800,0.29,60,0,0,0,0,1,0,0,0,1,1,0
*GH013875,5,1800,0.29,45,0,0,0,0,1,0,0,1,0,1,0
*GH013876,5,1800,0.29,45,0,0,0,0,1,0,0,0,1,1,0
*GH013877,5,1800,0.29,45,0,0,0,0,1,0,0,0,1,1,0
*GH013878,5,1800,0.29,45,0,0,0,0,1,0,0,0,1,1,0
*GH013879,5,1800,0.29,45,0,0,0,0,1,1,0,0,0,0,0
*GH013880,5,1800,0.29,45,0,0,0,0,1,0,0,0,1,1,0
*GH013881,5,1800,0.36,45,0,0,0,1,0,1,0,0,0,0,0
*GH013882,5,1800,0.36,45,0,0,0,1,0,1,0,0,0,0,0
*GH013883,5,1800,0.36,45,0,0,0,1,0,1,0,0,0,1,0
*GH013884,5,1800,0.36,45,0,0,0,0,1,1,0,0,0,0,0
*GH013885,5,1800,0.36,45,0,0,0,0,1,0,0,0,1,1,0
*GH013886,5,1800,0.36,45,0,0,0,0,1,0,0,0,1,0,1
*GH013887,5,1800,0.29,30,0,0,0,0,1,0,0,0,1,1,0
*GH013888,5,1800,0.29,30,0,0,0,0,1,0,0,0,1,1,0
*GH013889,5,1800,0.29,30,0,0,0,0,1,0,0,1,0,1,0
*GH013890,5,1800,0.29,30,0,0,0,0,1,1,0,0,0,1,0
*GH013891,5,1800,0.29,30,0,0,0,0,1,0,0,0,1,1,1
*GH013892,5,1800,0.29,30,0,0,0,0,1,0,0,1,0,0,0
*GH013893,5,1800,0.22,45,1,0,0,0,0,0,0,0,0,0,0
*GH013894,5,1800,0.22,45,0,0,0,0,1,1,0,0,0,0,0
*GH013895,5,1800,0.22,45,0,0,0,0,1,1,0,0,0,0,0
*GH013896,5,1800,0.22,45,1,0,0,0,0,0,0,0,0,0,0
*GH013897,5,1800,0.22,45,0,0,0,0,1,0,1,0,0,1,0
*GH013898,5,1800,0.22,45,0,0,0,0,1,0,0,0,1,1,1
*GH013899,5,1800,0.36,30,1,0,0,0,0,0,0,0,0,0,0
*GH013900,5,1800,0.36,30,0,0,0,0,1,0,0,0,1,1,0
*GH013901,5,1800,0.36,30,0,1,0,0,0,1,0,0,0,0,0
*GH013902,5,1800,0.36,30,1,0,0,0,0,0,0,0,0,0,0
*GH013903,5,1800,0.36,30,1,0,0,0,0,0,0,0,0,0,0
*GH013904,5,1800,0.36,30,1,0,0,0,0,0,0,0,0,0,0
*GH013905,5,1800,0.22,60,0,0,0,0,1,0,0,0,1,1,0
*GH013906,5,1800,0.22,60,0,0,0,0,1,0,1,0,0,1,0
*GH013907,5,1800,0.22,60,0,0,0,0,1,0,0,0,1,1,0
*GH013908,5,1800,0.22,60,0,0,0,0,1,0,0,1,0,1,0
*GH013909,5,1800,0.22,60,0,0,0,0,1,0,0,0,1,1,0
*GH013910,5,1800,0.22,60,0,0,0,0,1,0,0,0,1,1,0
*GH013911,5,1800,0.36,60,0,0,0,0,1,1,0,0,0,0,0
*GH013912,5,1800,0.36,60,0,0,0,1,0,1,0,0,0,0,0
*GH013913,5,1800,0.36,60,0,0,0,1,0,1,0,0,0,0,0
*GH013914,5,1800,0.36,60,0,0,0,0,1,0,0,1,0,1,0
*GH013915,5,1800,0.36,60,1,0,0,0,0,0,0,0,0,0,0
*GH013916,5,1800,0.36,60,1,0,0,0,0,0,0,0,0,0,0
*GH013917,5,1800,0.22,60,0,0,0,0,1,0,0,0,1,1,0
*GH013918,5,1800,0.22,60,0,0,0,0,1,0,0,1,0,1,0
*GH013919,5,1800,0.22,60,0,0,0,0,1,0,0,0,1,1,0
*GH013920,5,1800,0.22,60,0,0,0,0,1,0,0,0,1,1,0
*GH013921,5,1800,0.22,60,0,0,0,0,1,0,0,0,1,1,0
*GH013922,5,1800,0.22,60,0,0,0,0,1,0,0,0,1,1,0
*GH013923,5,1800,0.36,30,0,0,0,0,1,0,1,0,0,1,0
*GH013924,5,1800,0.36,30,0,0,0,0,1,0,1,0,0,1,0
*GH013925,5,1800,0.36,30,0,0,0,0,1,0,1,0,0,1,0
*GH013926,5,1800,0.36,30,0,0,0,0,1,0,0,1,0,1,0
*GH013927,5,1800,0.36,30,0,0,0,1,0,1,0,0,0,0,0
*GH013928,5,1800,0.36,30,0,0,0,0,1,1,0,0,0,1,0
*GH013929,5,1800,0.29,45,0,0,0,0,1,0,0,1,0,1,0
*GH013930,5,1800,0.29,45,0,0,0,0,1,0,0,1,0,1,0
*GH013931,5,1800,0.29,45,0,0,0,0,1,0,1,0,0,1,0
*GH013932,5,1800,0.29,45,0,0,0,0,1,0,0,1,0,1,0
*GH013933,5,1800,0.29,45,0,0,0,0,1,0,0,1,0,1,0
*GH013934,5,1800,0.29,45,0,0,0,0,1,0,0,0,1,1,1
*GH013935,5,1800,0.29,30,0,0,0,0,1,0,0,0,1,1,0
*GH013936,5,1800,0.29,30,0,0,0,0,1,0,1,0,0,1,0
*GH013937,5,1800,0.29,30,0,0,0,0,1,0,0,1,0,1,0
*GH013938,5,1800,0.29,30,0,0,0,0,1,0,1,0,0,1,0
*GH013939,5,1800,0.29,30,0,0,0,0,1,0,0,1,0,1,0
*GH013940,5,1800,0.29,30,0,0,0,1,0,0,1,0,0,1,0
*GH013941,5,1800,0.36,60,0,0,0,0,1,0,0,0,1,1,1
*GH013942,5,1800,0.36,60,0,0,0,0,1,0,1,0,0,1,0
*GH013943,5,1800,0.36,60,0,0,0,0,1,0,0,0,1,1,1
*GH013944,5,1800,0.36,60,0,0,0,0,1,0,1,0,0,1,0
*GH013945,5,1800,0.36,60,0,0,0,0,1,0,1,0,0,1,0
*GH013946,5,1800,0.36,60,1,0,0,0,0,0,0,0,0,0,0
*GH013947,5,1800,0.22,30,0,0,0,0,1,0,0,0,1,1,0
*GH013948,5,1800,0.22,30,0,0,0,0,1,0,0,0,1,1,0
*GH013949,5,1800,0.22,30,0,0,0,0,1,0,0,0,1,1,0
*GH013950,5,1800,0.22,30,0,0,0,0,1,0,0,0,1,1,0
*GH013951,5,1800,0.22,30,0,0,0,0,1,0,0,0,1,1,0
*GH013952,5,1800,0.22,30,0,0,0,0,1,0,0,0,1,1,0
*GH013953,5,1800,0.29,60,0,0,0,0,1,0,0,1,0,1,0
*GH013954,5,1800,0.29,60,0,0,0,0,1,0,0,0,1,1,0
*GH013955,5,1800,0.29,60,0,0,0,0,1,0,1,0,0,1,0
*GH013956,5,1800,0.29,60,0,0,0,0,1,0,0,1,0,1,0
*GH013957,5,1800,0.29,60,0,0,0,0,1,0,0,1,0,1,0
*GH013958,5,1800,0.29,60,0,0,0,0,1,0,0,0,1,1,0
*GH013959,5,1800,0.22,45,0,0,0,0,1,0,0,0,1,1,0
*GH013960,5,1800,0.22,45,0,0,0,0,1,0,0,1,0,1,0
*GH013961,5,1800,0.22,45,0,0,0,0,1,0,0,0,1,1,0
*GH013962,5,1800,0.22,45,0,0,0,0,1,0,0,1,0,1,0
*GH013963,5,1800,0.22,45,0,0,0,0,1,0,0,0,1,1,0
*GH013964,5,1800,0.22,45,0,0,0,0,1,0,0,0,1,1,1
*GH013965,5,1800,0.36,45,0,0,0,1,0,1,0,0,0,0,0
*GH013966,5,1800,0.36,45,0,0,0,0,1,1,0,0,0,1,0
*GH013967,5,1800,0.36,45,0,0,0,0,1,1,0,0,0,1,0
*GH013968,5,1800,0.36,45,0,0,0,1,0,1,0,0,0,0,0
*GH013969,5,1800,0.36,45,0,0,0,0,1,0,1,0,0,1,0
*GH013970,5,1800,0.36,45,0,0,0,0,1,1,0,0,0,0,0
*GH013971,7,2200,0.36,45,0,0,0,0,1,0,0,0,1,1,0
*GH013972,7,2200,0.36,45,0,0,0,0,1,0,0,0,1,1,1
*GH013973,7,2200,0.36,45,0,0,0,1,0,1,0,0,0,0,0
*GH013974,7,2200,0.36,45,0,0,0,0,1,0,1,0,0,0,0
*GH013975,7,2200,0.36,45,0,1,0,0,0,0,0,1,0,0,0
*GH013976,7,2200,0.36,45,0,0,0,1,0,0,1,0,0,1,0
*GH013977,7,2200,0.22,30,0,0,0,0,1,0,0,0,1,1,1
*GH013978,7,2200,0.22,30,0,0,0,0,1,0,0,0,1,1,0
*GH013979,7,2200,0.22,30,0,0,0,0,1,0,0,0,1,1,0
*GH013980,7,2200,0.22,30,0,0,0,0,1,0,0,0,1,1,1
*GH013981,7,2200,0.22,30,0,0,0,0,1,0,0,1,1,1,0
*GH013982,7,2200,0.22,30,0,0,0,0,1,0,0,0,1,1,0
*GH013983,7,2200,0.36,30,0,0,0,1,0,1,0,0,0,0,0
*GH013984,7,2200,0.36,30,0,0,0,0,1,0,0,1,0,1,0
*GH013985,7,2200,0.36,30,0,0,0,0,1,0,1,0,0,1,0
*GH013986,7,2200,0.36,30,0,0,0,1,0,1,0,0,0,0,0
*GH013987,7,2200,0.36,30,0,0,0,0,1,1,0,0,0,1,0
*GH013988,7,2200,0.36,30,0,0,1,0,0,1,0,0,0,0,0
*GH013989,7,2200,0.29,30,0,0,0,0,1,0,1,0,0,1,0
*GH013990,7,2200,0.29,30,0,0,0,0,1,0,0,0,1,1,0
*GH013991,7,2200,0.29,30,0,0,0,0,1,0,0,1,0,1,0
*GH013992,7,2200,0.29,30,0,0,0,0,1,0,0,0,1,1,0
*GH013993,7,2200,0.29,30,0,0,0,0,1,0,0,0,1,1,0
*GH013994,7,2200,0.22,45,0,0,0,0,1,0,0,0,1,1,0
*GH013995,7,2200,0.22,45,0,0,0,0,1,0,1,0,0,1,0
*GH013996,7,2200,0.22,45,0,0,0,0,1,0,0,0,1,1,0
*GH013997,7,2200,0.22,45,0,0,0,0,1,0,0,0,1,1,1
*GH013998,7,2200,0.22,45,0,0,0,0,1,0,0,0,1,1,0
*GH013999,7,2200,0.22,45,0,0,0,0,1,0,0,0,1,1,0
*GH014000,7,2200,0.36,60,0,0,0,0,1,0,0,0,1,1,0
*GH014001,7,2200,0.36,60,1,0,0,0,0,0,0,0,0,0,0
*GH014002,7,2200,0.36,60,0,0,0,0,1,0,1,0,0,0,0
*GH014003,7,2200,0.36,60,0,0,0,1,0,0,1,0,0,0,0
*GH014004,7,2200,0.36,60,0,0,0,0,1,0,1,0,0,1,0
*GH014005,7,2200,0.36,60,0,0,0,0,1,1,0,0,0,0,0
*GH014006,7,2200,0.29,60,0,0,0,0,0,0,0,1,0,1,0
*GH014007,7,2200,0.29,60,0,0,0,0,1,0,0,0,1,1,0
*GH014008,7,2200,0.29,60,0,0,0,0,1,0,0,1,0,1,0
*GH014009,7,2200,0.29,60,0,0,0,0,1,0,0,1,0,1,0
*GH014010,7,2200,0.29,60,0,0,0,0,1,0,0,1,0,1,0
*GH014011,7,2200,0.29,60,0,0,0,0,1,0,0,0,1,1,0
*GH014012,7,2200,0.22,60,0,0,0,0,1,0,0,0,1,1,0
*GH014013,7,2200,0.22,60,0,0,0,0,1,0,0,1,0,1,0
*GH014014,7,2200,0.22,60,0,0,0,0,1,0,0,0,1,1,0
*GH014015,7,2200,0.22,60,0,0,0,0,1,0,0,0,1,1,0
*GH014016,7,2200,0.22,60,0,0,0,0,1,0,0,0,1,1,0
*GH014017,7,2200,0.22,60,0,0,0,0,1,0,0,0,1,1,0
*GH014018,7,2200,0.29,45,0,0,0,0,1,0,0,0,1,1,1
*GH014019,7,2200,0.29,45,0,0,0,0,1,0,0,1,0,1,0
*GH014020,7,2200,0.29,45,0,0,0,0,1,0,0,1,0,1,0
*GH014021,7,2200,0.29,45,0,0,0,1,0,0,1,0,0,1,0
*GH014022,7,2200,0.29,45,0,0,0,0,1,0,0,0,1,1,0
*GH014023,7,2200,0.36,30,0,0,0,0,1,0,0,1,0,1,0
*GH014024,7,2200,0.36,30,0,0,0,1,0,1,0,0,0,0,0
*GH014025,7,2200,0.36,30,0,0,0,0,1,0,1,0,0,0,0
*GH014026,7,2200,0.36,30,0,0,0,0,1,0,1,0,0,1,0
*GH014027,7,2200,0.36,30,0,0,0,0,1,1,0,0,0,0,0
*GH014028,7,2200,0.36,30,0,0,1,0,0,1,0,0,0,0,0
*GH014029,7,2200,0.22,60,0,0,0,0,1,0,0,0,1,1,0
*GH014030,7,2200,0.22,60,0,0,0,0,1,0,0,0,1,1,0
*GH014031,7,2200,0.22,60,0,0,0,0,1,0,0,0,1,1,0
*GH014032,7,2200,0.22,60,0,0,0,0,1,0,0,1,0,1,0
*GH014033,7,2200,0.22,60,0,0,0,0,1,0,0,0,1,1,0
*GH014034,7,2200,0.22,60,0,0,0,0,1,0,0,0,1,1,0
*GH014035,7,2200,0.36,60,0,0,0,0,1,1,0,0,0,0,0
*GH014036,7,2200,0.36,60,0,0,0,0,1,0,0,0,1,1,1
*GH014037,7,2200,0.36,60,0,0,0,0,1,0,1,0,0,1,0
*GH014038,7,2200,0.36,60,0,0,0,1,0,1,0,0,0,0,0
*GH014039,7,2200,0.36,60,0,0,0,0,1,0,1,0,0,1,0
*GH014040,7,2200,0.36,60,0,0,0,0,1,0,1,0,0,1,0
*GH014041,7,2200,0.36,45,0,0,0,0,1,0,0,1,0,1,0
*GH014042,7,2200,0.36,45,0,0,0,0,1,1,0,0,0,0,0
*GH014043,7,2200,0.36,45,1,0,0,0,0,0,0,0,0,0,0
*GH014044,7,2200,0.36,45,0,0,0,0,1,1,0,0,0,0,0
*GH014045,7,2200,0.36,45,0,0,0,0,1,0,0,1,0,1,0
*GH014046,7,2200,0.36,45,0,0,0,0,1,0,1,0,0,1,0
*GH014047,7,2200,0.22,45,0,0,0,0,1,0,0,0,1,1,0
*GH014048,7,2200,0.22,45,0,0,0,0,1,0,0,1,0,1,0
*GH014049,7,2200,0.22,45,0,0,0,0,0,0,0,1,0,1,0
*GH014050,7,2200,0.22,45,0,0,0,0,1,0,0,0,1,1,0
*GH014051,7,2200,0.22,45,0,0,0,0,1,0,0,0,1,1,0
*GH014052,7,2200,0.29,30,0,0,0,0,1,0,1,0,0,1,0
*GH014053,7,2200,0.29,30,0,0,0,0,1,0,0,0,1,1,0
*GH014054,7,2200,0.29,30,0,0,0,0,1,0,1,0,0,1,0
*GH014055,7,2200,0.29,30,0,0,0,0,1,0,0,0,1,1,0
*GH014056,7,2200,0.29,30,0,0,0,0,1,0,1,0,0,1,0
*GH014057,7,2200,0.29,30,0,0,0,0,1,0,0,1,0,1,0
*GH014058,7,2200,0.22,30,0,0,0,0,1,0,0,0,1,1,1
*GH014059,7,2200,0.22,30,0,0,0,0,1,0,0,0,1,1,0
*GH014060,7,2200,0.22,30,0,0,0,0,1,0,0,0,1,1,0
*GH014061,7,2200,0.22,30,0,0,0,0,1,0,0,0,1,1,0
*GH014062,7,2200,0.22,30,0,0,0,0,1,0,0,1,0,1,0
*GH014063,7,2200,0.22,30,0,0,0,0,1,0,0,0,1,1,0
*GH014064,7,2200,0.29,45,0,0,0,0,1,0,1,0,0,1,0
*GH014065,7,2200,0.29,45,0,0,0,0,1,0,1,0,0,1,0
*GH014066,7,2200,0.29,45,0,0,0,0,1,0,0,0,1,1,0
*GH014067,7,2200,0.29,45,0,0,0,0,1,0,0,1,0,0,0
*GH014068,7,2200,0.29,45,0,0,0,0,1,0,0,1,0,1,0
*GH014069,7,2200,0.29,45,0,0,0,0,1,0,0,1,0,1,0
*GH014070,7,2200,0.29,60,0,0,0,0,1,0,1,0,0,1,0
*GH014071,7,2200,0.29,60,0,0,0,0,1,0,0,1,0,1,0
*GH014072,7,2200,0.29,60,0,0,0,0,1,0,0,1,0,1,0
*GH014073,7,2200,0.29,60,0,0,0,0,1,0,0,1,0,1,0
*GH014074,7,2200,0.29,60,0,0,0,0,1,0,0,0,1,1,0
*GH014075,7,2200,0.29,60,0,0,0,0,1,0,0,0,1,1,1
*GH014076,7,2200,0.22,45,0,0,0,0,1,0,0,0,1,1,0
*GH014077,7,2200,0.22,45,0,0,0,0,1,0,0,0,1,1,0
*GH014078,7,2200,0.22,45,0,0,0,0,1,0,0,1,0,1,0
*GH014079,7,2200,0.22,45,0,0,0,0,1,0,0,0,1,1,0
*GH014080,7,2200,0.22,45,0,0,0,0,1,0,0,0,1,1,0
*GH014081,7,2200,0.22,45,0,0,0,0,1,0,0,0,1,1,0
*GH014082,7,2200,0.36,60,0,0,0,0,1,1,0,0,0,0,0
*GH014083,7,2200,0.36,60,1,0,0,0,0,0,0,0,0,0,0
*GH014084,7,2200,0.36,60,1,0,0,0,0,0,0,0,0,0,0
*GH014085,7,2200,0.36,60,0,0,0,0,1,1,0,0,0,0,0
*GH014086,7,2200,0.36,60,0,0,0,0,1,0,1,0,0,1,0
*GH014087,7,2200,0.36,60,0,0,0,1,0,1,0,0,0,0,0
*GH014088,7,2200,0.22,60,0,0,0,0,1,0,0,0,1,1,0
*GH014089,7,2200,0.22,60,0,0,0,0,1,0,0,0,1,1,0
*GH014090,7,2200,0.22,60,0,0,0,0,1,0,0,0,1,1,0
*GH014091,7,2200,0.22,60,0,0,0,0,1,0,0,0,1,1,0
*GH014092,7,2200,0.22,60,0,0,0,0,1,0,0,0,1,1,0
*GH014093,7,2200,0.22,60,0,0,0,0,1,0,0,1,0,1,0
*GH014094,7,2200,0.22,30,0,0,0,0,1,0,0,1,0,1,0
*GH014095,7,2200,0.22,30,0,0,0,0,1,0,0,0,1,1,0
*GH014096,7,2200,0.22,30,0,0,0,0,1,0,0,0,1,1,0
*GH014097,7,2200,0.22,30,0,0,0,0,1,0,0,0,1,1,0
*GH014098,7,2200,0.22,30,0,0,0,0,1,0,0,1,0,1,0
*GH014099,7,2200,0.22,30,0,0,0,0,1,0,0,0,1,1,0
*GH014100,7,2200,0.36,45,0,0,0,0,1,1,0,0,0,0,0
*GH014101,7,2200,0.36,45,0,0,0,1,0,1,0,0,0,0,0
*GH014102,7,2200,0.36,45,0,0,0,0,1,0,1,0,0,0,0
*GH014103,7,2200,0.36,45,0,0,0,1,0,0,0,1,0,1,0
*GH014104,7,2200,0.36,45,0,0,0,0,1,0,1,0,0,1,0
*GH014105,7,2200,0.36,45,0,0,0,0,1,1,0,0,0,0,0
*GH014106,7,2200,0.29,45,0,0,0,0,1,0,0,0,1,1,1
*GH014107,7,2200,0.29,45,0,0,0,0,1,0,0,1,0,1,0
*GH014108,7,2200,0.29,45,0,0,0,0,1,0,0,1,0,1,0
*GH014109,7,2200,0.29,45,0,0,0,0,1,0,0,1,0,0,0
*GH014110,7,2200,0.29,45,0,0,0,0,1,0,0,1,0,1,0
*GH014111,7,2200,0.29,45,0,0,0,0,1,0,0,1,0,1,0
*GH014112,7,2200,0.36,30,0,0,0,0,1,1,0,0,0,0,0
*GH014113,7,2200,0.36,30,0,0,0,0,1,0,1,0,0,1,0
*GH014114,7,2200,0.36,30,0,0,0,0,1,0,0,0,1,1,1
*GH014115,7,2200,0.36,30,0,0,0,0,1,0,1,0,0,0,0
*GH014116,7,2200,0.36,30,0,0,0,0,1,0,1,0,0,1,0
*GH014117,7,2200,0.36,30,0,0,0,0,1,0,0,0,1,1,1
*GH014118,7,2200,0.29,60,0,0,0,0,1,0,0,0,1,1,0
*GH014119,7,2200,0.29,60,0,0,0,0,1,0,0,1,0,0,0
*GH014120,7,2200,0.29,60,0,0,0,0,1,0,0,0,1,1,0
*GH014121,7,2200,0.29,60,0,0,0,0,1,0,0,1,0,1,0
*GH014122,7,2200,0.29,60,0,0,0,0,1,0,1,0,0,1,0
*GH014123,7,2200,0.29,60,0,0,0,0,1,0,1,0,0,1,0
*GH014124,7,2200,0.29,30,0,0,0,0,1,1,0,0,0,1,0
*GH014125,7,2200,0.29,30,0,0,0,0,1,0,1,0,0,1,0
*GH014126,7,2200,0.29,30,0,0,0,0,1,0,1,0,0,1,0
*GH014127,7,2200,0.29,30,0,0,0,0,1,0,0,1,0,1,0
*GH014128,7,2200,0.29,30,0,0,0,0,1,0,1,0,0,1,0
*GH014129,7,2200,0.29,30,0,0,0,0,1,0,0,0,1,1,0
*GH014130,5,2200,0.29,60,0,0,0,0,1,0,0,1,0,1,0
*GH014131,5,2200,0.29,60,0,0,0,0,1,0,1,0,0,1,0
*GH014132,5,2200,0.29,60,0,0,0,0,1,0,0,1,0,1,0
*GH014133,5,2200,0.29,60,0,0,0,0,1,0,0,1,0,1,0
*GH014134,5,2200,0.29,60,0,0,0,0,1,0,1,0,0,1,0
*GH014135,5,2200,0.29,60,0,0,0,1,0,0,0,1,0,1,0
*GH014136,5,2200,0.22,45,0,0,0,0,1,0,0,0,1,1,0
*GH014137,5,2200,0.22,45,0,0,0,0,1,0,0,0,1,1,0
*GH014138,5,2200,0.22,45,0,0,0,0,1,0,0,1,0,1,0
*GH014139,5,2200,0.22,45,0,0,0,0,1,0,0,0,1,1,1
*GH014140,5,2200,0.22,45,0,0,0,0,1,0,0,0,1,1,1
*GH014141,5,2200,0.22,45,0,0,0,0,1,0,0,0,1,1,1
*GH014142,5,2200,0.36,30,0,0,0,1,0,1,0,0,0,0,0
*GH014143,5,2200,0.36,30,0,0,0,0,1,0,1,0,0,1,0
*GH014144,5,2200,0.36,30,0,0,0,0,1,1,0,0,0,1,0
*GH014145,5,2200,0.36,30,0,0,0,0,1,1,0,0,0,0,0
*GH014146,5,2200,0.36,30,0,0,0,0,1,0,0,1,0,1,0
*GH014147,5,2200,0.36,30,1,0,0,0,0,0,0,0,0,0,0
*GH014148,5,2200,0.36,60,0,0,0,0,1,0,0,0,1,1,1
*GH014149,5,2200,0.36,60,0,0,0,0,1,0,0,0,0,1,0
*GH014150,5,2200,0.36,60,0,0,0,0,1,0,0,1,0,1,0
*GH014151,5,2200,0.36,60,1,0,0,0,0,0,0,0,0,0,0
*GH014152,5,2200,0.36,60,1,0,0,0,0,0,0,0,0,0,0
*GH014153,5,2200,0.36,60,0,0,0,0,1,0,1,0,0,0,0
*GH014154,5,2200,0.22,30,0,0,0,0,1,0,0,0,1,1,0
*GH014155,5,2200,0.22,30,0,0,0,0,1,0,0,0,1,1,0
*GH014156,5,2200,0.22,30,0,0,0,0,1,0,0,0,1,1,0
*GH014157,5,2200,0.22,30,0,0,0,0,1,0,0,0,1,1,0
*GH014158,5,2200,0.22,30,0,0,0,0,1,0,0,0,1,1,0
*GH014159,5,2200,0.22,30,0,0,0,0,1,0,0,0,1,1,0
*GH014160,5,2200,0.29,45,0,0,0,0,1,1,0,0,0,0,0
*GH014162,5,2200,0.29,45,0,0,0,0,1,0,0,1,0,1,0
*GH014163,5,2200,0.29,45,0,0,0,0,1,0,0,1,0,1,0
*GH014164,5,2200,0.29,45,0,0,0,0,1,0,0,0,1,1,0
*GH014165,5,2200,0.29,45,0,0,0,0,1,0,0,1,0,1,0
*GH014166,5,2200,0.29,45,0,0,0,0,1,0,0,0,1,1,0
*GH014167,5,2200,0.29,30,0,0,0,0,1,0,0,0,1,1,0
*GH014168,5,2200,0.29,30,0,0,0,1,0,0,0,1,0,1,0
*GH014169,5,2200,0.29,30,0,0,0,0,1,0,0,0,1,1,0
*GH014170,5,2200,0.29,30,0,0,0,1,0,0,1,0,0,1,0
*GH014171,5,2200,0.29,30,0,0,0,0,1,0,1,0,0,1,0
*GH014172,5,2200,0.29,30,0,0,0,0,1,0,0,1,0,1,0
*GH014173,5,2200,0.36,45,0,0,0,1,0,0,0,1,0,1,0
*GH014174,5,2200,0.36,45,0,0,0,1,0,1,0,0,0,0,0
*GH014175,5,2200,0.36,45,0,0,0,1,0,0,1,0,0,1,0
*GH014176,5,2200,0.36,45,0,0,0,1,0,1,0,0,0,0,0
*GH014177,5,2200,0.36,45,0,0,0,0,1,1,0,0,0,0,0
*GH014178,5,2200,0.22,60,0,0,0,0,1,0,0,0,1,1,0
*GH014179,5,2200,0.22,60,0,0,0,0,1,0,0,0,1,1,0
*GH014180,5,2200,0.22,60,0,0,0,0,1,0,0,0,1,1,0
*GH014181,5,2200,0.22,60,0,0,0,0,1,0,0,0,1,1,0
*GH014182,5,2200,0.22,60,0,0,0,0,1,0,0,0,1,1,1
*GH014183,5,2200,0.22,60,0,0,0,0,1,0,0,0,1,1,0
*GH014184,5,2200,0.22,30,0,0,0,0,1,0,0,0,1,1,0
*GH014185,5,2200,0.22,30,0,0,0,0,1,0,0,0,1,1,0
*GH014186,5,2200,0.22,30,0,0,0,0,1,0,0,0,1,1,1
*GH014187,5,2200,0.22,30,0,0,0,0,1,0,0,0,1,1,0
*GH014188,5,2200,0.22,30,0,0,0,0,1,0,0,0,1,1,0
*GH014189,5,2200,0.22,30,0,0,0,0,0,0,0,0,0,0,1
*GH014190,5,2200,0.29,60,0,0,0,0,1,1,0,0,0,0,0
*GH014191,5,2200,0.29,60,0,0,0,0,1,0,0,1,0,0,0
*GH014192,5,2200,0.29,60,0,0,0,0,1,0,0,0,1,1,1
*GH014193,5,2200,0.29,60,0,0,0,0,1,0,0,1,0,1,0
*GH014194,5,2200,0.29,60,0,0,0,0,1,0,0,1,0,1,0
*GH014195,5,2200,0.29,60,0,0,0,0,1,0,0,0,1,1,1
*GH014196,5,2200,0.29,45,0,0,0,0,1,0,1,0,0,0,0
*GH014197,5,2200,0.29,45,0,0,0,0,1,0,0,1,0,1,0
*GH014198,5,2200,0.29,45,0,0,0,0,1,0,0,0,1,1,0
*GH014199,5,2200,0.29,45,0,0,0,0,1,0,1,0,0,1,0
*GH014200,5,2200,0.29,45,0,0,0,0,1,0,1,0,0,1,0
*GH014201,5,2200,0.29,45,0,0,0,0,1,0,0,0,1,1,0
*GH014202,5,2200,0.36,45,0,0,0,0,1,1,0,0,0,0,0
*GH014203,5,2200,0.36,45,0,0,0,0,1,0,1,0,0,1,0
*GH014205,5,2200,0.36,45,0,0,0,0,1,0,0,1,0,1,0
*GH014206,5,2200,0.36,45,0,0,0,0,1,1,0,0,0,0,0
*GH014207,5,2200,0.36,45,0,0,0,1,0,1,0,0,0,0,0
*GH014214,5,2200,0.29,30,0,0,0,0,1,0,1,0,0,1,0
*GH014215,5,2200,0.29,30,0,0,0,0,1,0,0,1,0,1,0
*GH014216,5,2200,0.29,30,0,0,0,0,1,0,1,0,0,1,0
*GH014217,5,2200,0.29,30,0,0,0,0,1,0,0,0,1,1,0
*GH014218,5,2200,0.29,30,0,0,0,0,1,0,1,0,0,0,0
*GH014219,5,2200,0.29,30,0,0,0,1,0,0,1,0,0,0,0
*GH014220,5,2200,0.22,45,0,0,0,0,1,0,0,0,1,1,0
*GH014221,5,2200,0.22,45,0,0,0,0,1,0,0,0,1,0,0
*GH014222,5,2200,0.22,45,0,0,0,0,1,0,0,0,1,1,0
*GH014223,5,2200,0.22,45,0,0,0,0,1,0,0,1,0,1,0
*GH014224,5,2200,0.22,45,0,0,0,0,1,0,0,0,1,1,0
*GH014225,5,2200,0.36,30,0,0,0,0,1,0,1,0,0,0,0
*GH014226,5,2200,0.36,30,0,0,0,0,1,0,1,0,0,0,0
*GH014227,5,2200,0.36,30,0,0,0,0,1,0,0,1,0,1,0
*GH014228,5,2200,0.36,30,1,0,0,0,0,0,0,0,0,0,0
*GH014229,5,2200,0.36,30,0,0,0,0,1,0,1,0,0,1,0
*GH014230,5,2200,0.36,30,0,0,0,1,0,0,1,0,0,1,0
*GH014231,5,2200,0.22,60,0,0,0,0,1,0,0,0,1,1,0
*GH014232,5,2200,0.22,60,0,0,0,0,1,0,0,0,1,1,0
*GH014233,5,2200,0.22,60,0,0,0,0,1,0,0,0,1,1,0
*GH014234,5,2200,0.22,60,0,0,0,0,1,0,0,1,0,1,0
*GH014235,5,2200,0.22,60,0,0,0,0,1,0,0,0,1,1,0
*GH014236,5,2200,0.22,60,0,0,0,0,1,0,0,0,1,1,0
*GH014237,5,2200,0.36,60,0,0,0,1,0,1,0,0,0,0,0
*GH014238,5,2200,0.36,60,0,0,0,0,1,1,0,0,0,0,0
*GH014239,5,2200,0.36,60,0,0,0,1,0,1,0,0,0,0,0
*GH014240,5,2200,0.36,60,0,0,0,0,1,1,0,0,0,0,0
*GH014241,5,2200,0.36,60,0,0,0,0,1,0,1,0,0,0,0
*GH014242,5,2200,0.36,60,0,0,0,1,0,1,0,0,0,1,0
*GH014243,5,2200,0.22,60,0,0,0,0,1,0,0,1,0,1,0
*GH014244,5,2200,0.22,60,0,0,0,0,1,0,0,0,1,1,1
*GH014245,5,2200,0.22,60,0,0,0,0,1,0,0,1,0,1,0
*GH014246,5,2200,0.22,60,0,0,0,0,1,0,0,0,1,1,0
*GH014247,5,2200,0.22,60,0,0,0,0,1,0,0,0,1,1,0
*GH014248,5,2200,0.22,60,0,0,0,0,1,0,0,0,1,1,0
*GH014249,5,2200,0.36,30,0,0,0,0,1,0,0,1,0,0,0
*GH014250,5,2200,0.36,30,0,0,0,0,1,0,0,1,0,1,0
*GH014251,5,2200,0.36,30,0,0,0,0,1,0,1,0,0,1,0
*GH014252,5,2200,0.36,30,0,0,0,0,1,0,1,0,0,1,0
*GH014253,5,2200,0.36,30,0,0,0,0,1,0,0,1,0,1,0
*GH014254,5,2200,0.36,30,0,0,0,0,1,1,0,0,0,0,0
*GH014255,5,2200,0.29,45,0,0,0,0,1,1,0,0,0,0,0
*GH014256,5,2200,0.29,45,0,0,0,1,0,0,1,0,0,0,0
*GH014257,5,2200,0.29,45,0,0,0,0,1,0,0,0,1,1,0
*GH014258,5,2200,0.29,45,0,0,0,0,1,0,0,1,0,1,0
*GH014259,5,2200,0.29,45,0,0,0,0,1,0,1,0,0,1,0
*GH014260,5,2200,0.29,45,0,0,0,0,1,0,0,1,0,1,0
*GH014261,5,2200,0.29,30,0,0,0,1,0,0,1,0,0,1,0
*GH014262,5,2200,0.29,30,0,0,0,1,0,0,0,1,0,1,0
*GH014263,5,2200,0.29,30,0,0,0,0,1,0,0,0,1,1,0
*GH014264,5,2200,0.29,30,0,0,0,0,1,0,0,1,0,1,0
*GH014265,5,2200,0.29,30,0,0,0,0,1,0,1,0,0,1,0
*GH014266,5,2200,0.29,30,0,0,0,0,1,0,0,1,0,1,0
*GH014267,5,2200,0.36,60,0,0,0,0,1,1,0,0,0,0,0
*GH014268,5,2200,0.36,60,0,0,0,0,1,0,1,0,0,1,0
*GH014269,5,2200,0.36,60,0,0,0,0,1,0,0,0,1,1,0
*GH014270,5,2200,0.36,60,0,0,0,0,1,1,0,0,0,0,0
*GH014271,5,2200,0.36,60,0,0,0,0,1,0,0,1,0,1,0
*GH014272,5,2200,0.36,60,0,0,0,0,1,0,0,0,1,1,1
*GH014273,5,2200,0.22,30,0,0,0,0,1,0,0,0,1,1,0
*GH014274,5,2200,0.22,30,0,0,0,0,1,0,0,0,1,1,0
*GH014275,5,2200,0.22,30,0,0,0,0,1,0,0,0,1,1,0
*GH014276,5,2200,0.22,30,0,0,0,0,1,0,0,1,0,1,0
*GH014277,5,2200,0.22,30,0,0,0,0,1,0,0,0,1,1,0
*GH014278,5,2200,0.29,60,0,0,0,1,0,0,1,0,0,1,0
*GH014279,5,2200,0.29,60,0,0,0,0,1,0,0,0,1,1,0
*GH014280,5,2200,0.29,60,0,0,0,0,1,0,1,0,0,1,0
*GH014281,5,2200,0.29,60,0,0,0,0,1,0,0,1,0,1,0
*GH014282,5,2200,0.29,60,0,0,0,0,1,0,0,1,0,1,0
*GH014283,5,2200,0.22,45,0,0,0,0,1,0,0,0,1,1,0
*GH014284,5,2200,0.22,45,0,0,0,0,1,0,0,0,1,1,0
*GH014285,5,2200,0.22,45,0,0,0,0,1,0,0,0,1,1,0
*GH014286,5,2200,0.22,45,0,0,0,0,1,0,1,0,0,1,0
*GH014287,5,2200,0.22,45,0,0,0,0,1,0,0,0,1,1,0
*GH014288,5,2200,0.22,45,0,0,0,0,1,0,0,0,1,1,0
*GH014289,5,2200,0.36,45,0,0,0,0,1,0,1,0,0,0,0
*GH014290,5,2200,0.36,45,0,0,0,0,1,1,0,0,0,0,0
*GH014291,5,2200,0.36,45,1,0,0,0,0,0,0,0,0,0,0
*GH014292,5,2200,0.36,45,0,0,0,0,1,0,0,0,1,1,0
*GH014293,5,2200,0.36,45,0,0,0,0,1,0,1,0,0,1,0
*GH014294,5,2200,0.36,45,0,0,0,0,1,0,0,0,1,1,0
*GH014297,9,2200,0.29,60,0,0,0,1,0,1,0,0,0,1,0
*GH014298,9,2200,0.29,60,0,0,0,0,1,0,0,0,1,1,0
*GH014299,9,2200,0.29,60,0,0,0,0,1,0,0,0,1,1,0
*GH014300,9,2200,0.29,60,0,0,0,0,1,0,0,1,0,1,0
*GH014301,9,2200,0.29,60,0,0,0,0,1,0,0,1,0,1,0
*GH014302,9,2200,0.29,60,0,0,0,0,1,0,1,0,0,1,0
*GH014304,9,2200,0.22,45,0,0,0,0,1,0,0,1,0,1,0
*GH014305,9,2200,0.22,45,0,0,0,0,1,0,0,1,0,1,0
*GH014306,9,2200,0.22,45,0,0,0,0,1,0,0,0,1,1,0
*GH014307,9,2200,0.22,45,0,0,0,0,1,0,0,0,1,1,0
*GH014308,9,2200,0.22,45,0,0,0,0,1,0,0,0,1,1,1
*GH014309,9,2200,0.22,45,0,0,0,0,1,0,0,0,1,1,0
*GH014310,9,2200,0.36,30,0,0,0,0,1,0,1,0,0,1,0
*GH014311,9,2200,0.36,30,0,0,0,0,1,0,1,0,0,1,0
*GH014312,9,2200,0.36,30,0,0,0,0,1,0,0,0,1,1,1
*GH014313,9,2200,0.36,30,0,0,0,0,1,0,1,0,0,1,0
*GH014314,9,2200,0.36,30,0,0,0,1,0,1,0,0,0,0,0
*GH014315,9,2200,0.36,30,0,0,0,1,0,0,1,0,0,1,0
*GH014316,9,2200,0.36,60,0,0,0,1,0,0,1,0,0,0,0
*GH014317,9,2200,0.36,60,0,0,0,0,1,1,0,0,0,0,0
*GH014318,9,2200,0.36,60,0,0,0,0,1,0,1,0,0,1,0
*GH014319,9,2200,0.36,60,0,0,0,0,1,0,0,1,0,1,0
*GH014320,9,2200,0.36,60,0,0,0,0,1,0,0,1,0,0,0
*GH014321,9,2200,0.36,60,1,0,0,0,0,0,0,0,0,0,0
*GH014322,9,2200,0.22,30,0,0,0,0,1,0,0,1,0,1,0
*GH014323,9,2200,0.22,30,0,0,0,0,1,0,0,0,1,1,0
*GH014324,9,2200,0.22,30,0,0,0,0,1,0,0,0,1,1,0
*GH014325,9,2200,0.22,30,0,0,0,0,1,0,0,0,1,1,0
*GH014326,9,2200,0.22,30,0,0,0,0,1,0,0,0,1,1,0
*GH014327,9,2200,0.22,30,0,0,0,0,1,0,0,0,1,1,0
*GH014328,9,2200,0.29,45,0,0,0,0,1,0,0,1,0,1,0
*GH014329,9,2200,0.29,45,0,0,0,1,0,1,0,0,0,0,0
*GH014330,9,2200,0.29,45,0,0,0,0,1,0,0,1,0,1,0
*GH014331,9,2200,0.29,45,0,0,0,1,0,0,1,0,0,1,0
*GH014332,9,2200,0.29,45,0,0,0,0,1,0,1,0,0,1,0
*GH014333,9,2200,0.29,45,0,0,0,0,1,0,0,1,0,1,0
*GH014334,9,2200,0.29,30,0,0,0,0,1,0,0,1,0,1,0
*GH014335,9,2200,0.29,30,0,0,0,0,1,0,0,0,1,1,0
*GH014336,9,2200,0.29,30,0,0,0,0,1,0,0,1,0,1,0
*GH014337,9,2200,0.29,30,0,0,0,0,1,0,0,0,1,1,0
*GH014339,9,2200,0.29,30,0,0,0,0,1,0,0,0,1,1,0
*GH014340,9,2200,0.29,30,0,0,0,0,1,0,1,0,0,1,0
*GH014341,9,2200,0.36,45,0,0,0,1,0,1,0,0,0,0,0
*GH014342,9,2200,0.36,45,0,0,0,0,1,0,0,0,1,1,0
*GH014343,9,2200,0.36,45,0,0,0,0,1,0,0,1,0,1,0
*GH014344,9,2200,0.36,45,0,0,0,1,0,1,0,0,0,0,0
*GH014345,9,2200,0.36,45,0,0,0,1,0,1,0,0,0,0,0
*GH014346,9,2200,0.36,45,0,0,0,0,1,0,0,0,1,1,0
*GH014347,9,2200,0.22,60,0,0,0,0,1,0,0,0,1,1,0
*GH014348,9,2200,0.22,60,0,0,0,0,1,0,0,0,1,1,0
*GH014349,9,2200,0.22,60,0,0,0,0,1,0,0,1,0,1,0
*GH014350,9,2200,0.22,60,0,0,0,0,1,0,0,1,0,1,0
*GH014351,9,2200,0.22,60,0,0,0,0,1,0,0,0,1,1,0
*GH014352,9,2200,0.22,60,0,0,0,0,1,0,0,0,1,1,0
*GH014353,9,2200,0.22,30,0,0,0,0,1,0,0,1,0,1,0
*GH014354,9,2200,0.22,30,0,0,0,0,1,0,0,0,1,1,0
*GH014355,9,2200,0.22,30,0,0,0,0,1,0,0,0,1,1,0
*GH014356,9,2200,0.22,30,0,0,0,0,1,0,0,0,1,1,0
*GH014357,9,2200,0.22,30,0,0,0,0,1,0,0,0,1,1,0
*GH014358,9,2200,0.22,30,0,0,0,0,1,0,1,0,0,1,0
*GH014359,9,2200,0.29,60,0,0,0,0,1,0,0,0,1,1,0
*GH014360,9,2200,0.29,60,0,0,0,0,1,0,0,1,0,1,0
*GH014361,9,2200,0.29,60,0,0,0,0,1,0,1,0,0,1,0
*GH014362,9,2200,0.29,60,0,0,0,0,1,0,0,1,0,1,0
*GH014363,9,2200,0.29,60,0,0,0,0,1,0,1,0,0,1,0
*GH014364,9,2200,0.29,60,0,0,0,0,1,0,0,1,0,1,0
*GH014365,9,2200,0.29,45,0,0,0,0,1,0,0,1,0,1,0
*GH014366,9,2200,0.29,45,0,0,0,0,1,0,0,1,0,1,0
*GH014367,9,2200,0.29,45,0,0,0,0,1,0,0,1,0,1,0
*GH014368,9,2200,0.29,45,0,0,0,0,1,0,1,0,0,1,0
*GH014369,9,2200,0.29,45,0,0,0,0,0,0,0,0,0,0,1
*GH014370,9,2200,0.29,45,0,0,0,0,1,0,1,0,0,1,0
*GH014371,9,2200,0.36,45,0,0,0,0,1,1,0,0,0,0,0
*GH014372,9,2200,0.36,45,0,0,0,1,0,1,0,0,0,0,0
*GH014373,9,2200,0.36,45,0,0,0,0,1,1,0,0,0,0,0
*GH014374,9,2200,0.36,45,1,0,0,0,0,0,0,0,0,0,0
*GH014375,9,2200,0.36,45,1,0,0,0,0,0,0,0,0,0,0
*GH014376,9,2200,0.36,45,0,0,0,0,0,1,0,0,0,0,0
*GH014377,9,2200,0.29,30,0,0,0,0,1,0,0,0,1,1,0
*GH014378,9,2200,0.29,30,0,0,0,0,1,0,0,0,1,1,0
*GH014379,9,2200,0.29,30,0,0,0,0,1,0,0,1,0,1,0
*GH014380,9,2200,0.29,30,0,0,0,0,1,0,0,1,0,1,0
*GH014381,9,2200,0.29,30,0,0,0,0,1,0,0,1,0,1,0
*GH014382,9,2200,0.29,30,0,0,0,0,1,0,0,1,0,1,0
*GH014383,9,2200,0.22,45,0,0,0,0,1,0,0,0,1,1,0
*GH014384,9,2200,0.22,45,0,0,0,0,1,0,0,0,1,1,0
*GH014385,9,2200,0.22,45,0,0,0,0,1,0,0,0,1,1,1
*GH014386,9,2200,0.22,45,0,0,0,0,1,0,0,0,1,1,0
*GH014387,9,2200,0.22,45,0,0,0,0,1,0,0,0,1,1,0
*GH014388,9,2200,0.22,45,0,0,0,0,1,0,0,0,1,1,0
*GH014389,9,2200,0.36,30,0,0,0,0,1,0,1,0,0,0,0
*GH014390,9,2200,0.36,30,0,0,0,0,1,0,1,0,0,1,0
*GH014391,9,2200,0.36,30,0,0,0,1,0,0,1,0,0,0,0
*GH014392,9,2200,0.36,30,0,0,0,1,0,1,0,0,0,0,0
*GH014393,9,2200,0.36,30,0,0,0,1,0,1,0,0,0,0,0
*GH014394,9,2200,0.36,30,0,0,0,0,1,0,0,0,0,1,1
*GH014395,9,2200,0.22,60,0,0,0,0,1,0,0,1,0,1,0
*GH014396,9,2200,0.22,60,0,0,0,0,1,0,0,0,1,1,0
*GH014397,9,2200,0.22,60,0,0,0,0,1,0,0,0,1,1,1
*GH014398,9,2200,0.22,60,0,0,0,0,1,0,0,0,1,1,0
*GH014399,9,2200,0.22,60,0,0,0,0,1,0,0,0,1,1,0
*GH014400,9,2200,0.22,60,0,0,0,0,1,0,0,0,1,1,0
*GH014401,9,2200,0.36,60,0,0,0,0,1,0,1,0,0,0,0
*GH014402,9,2200,0.36,60,0,0,0,0,1,0,0,0,1,1,0
*GH014403,9,2200,0.36,60,0,0,0,0,1,1,0,0,0,0,0
*GH014404,9,2200,0.36,60,0,0,0,0,1,0,1,0,0,1,0
*GH014405,9,2200,0.36,60,0,0,0,0,1,0,1,0,0,1,0
*GH014406,9,2200,0.36,60,0,0,0,0,1,0,1,0,0,0,0
*GH014407,9,2200,0.22,60,0,0,0,0,1,0,0,0,1,1,0
*GH014408,9,2200,0.22,60,0,0,0,0,1,0,0,0,1,1,0
*GH014409,9,2200,0.22,60,0,0,0,0,1,0,0,0,1,1,0
*GH014410,9,2200,0.22,60,0,0,0,0,1,0,0,0,1,1,0
*GH014411,9,2200,0.22,60,0,0,0,0,1,0,0,0,1,1,0
*GH014412,9,2200,0.22,60,0,0,0,0,1,0,0,0,1,1,0
*GH014413,9,2200,0.36,45,1,0,0,0,0,0,0,0,0,0,0
*GH014414,9,2200,0.36,45,0,0,0,0,1,1,0,0,0,0,0
*GH014415,9,2200,0.36,45,1,0,0,0,0,0,0,0,0,0,0
*GH014416,9,2200,0.36,45,1,0,0,0,0,0,0,0,0,0,0
*GH014417,9,2200,0.36,45,1,0,0,0,0,0,0,0,0,0,0
*GH014418,9,2200,0.36,45,1,0,0,0,0,0,0,0,0,0,0
*GH014419,9,2200,0.29,45,1,0,0,0,0,0,0,0,0,0,0
*GH014420,9,2200,0.29,45,1,0,0,0,0,0,0,0,0,0,0
*GH014421,9,2200,0.29,45,0,0,1,0,0,1,0,0,0,0,0
*GH014422,9,2200,0.29,45,0,0,0,1,0,0,0,0,1,1,1
*GH014423,9,2200,0.29,45,1,0,0,0,0,0,0,0,0,0,0
*GH014424,9,2200,0.29,45,0,0,0,0,1,0,0,0,1,1,1
*GH014425,9,2200,0.29,30,1,0,0,0,0,0,0,0,0,0,0
*GH014426,9,2200,0.29,30,0,0,0,0,1,0,0,0,1,1,1
*GH014427,9,2200,0.29,30,1,0,0,0,0,0,0,0,0,0,0
*GH014428,9,2200,0.29,30,1,0,0,0,0,0,0,0,0,0,0
*GH014429,9,2200,0.29,30,0,0,0,0,1,1,0,0,0,0,0
*GH014430,9,2200,0.29,30,1,0,0,0,0,0,0,0,0,0,0
*GH014431,9,2200,0.36,60,0,0,0,1,0,1,0,0,0,0,0
*GH014432,9,2200,0.36,60,0,0,0,0,1,0,0,1,0,1,1
*GH014433,9,2200,0.36,60,0,0,0,0,1,1,0,0,0,0,0
*GH014434,9,2200,0.36,60,0,0,0,0,1,0,0,1,0,0,0
*GH014435,9,2200,0.36,60,1,0,0,0,0,0,0,0,0,0,0
*GH014436,9,2200,0.36,60,0,0,0,0,1,1,0,0,0,0,0
*GH014437,9,2200,0.22,30,0,1,0,0,0,1,0,0,0,1,0
*GH014438,9,2200,0.22,30,0,0,0,0,1,0,0,0,1,1,0
*GH014439,9,2200,0.22,30,0,0,0,0,1,0,0,0,0,1,0
*GH014440,9,2200,0.22,30,0,0,0,0,1,0,0,1,0,1,0
*GH014441,9,2200,0.22,30,0,0,0,0,1,0,0,1,0,1,0
*GH014442,9,2200,0.22,30,0,0,0,0,1,0,0,1,0,1,0
*GH014443,9,2200,0.29,60,0,0,0,0,1,0,1,0,0,1,0
*GH014444,9,2200,0.29,60,0,0,0,0,1,0,0,0,1,1,0
*GH014445,9,2200,0.29,60,0,0,0,0,1,0,1,0,0,1,0
*GH014446,9,2200,0.29,60,0,0,0,0,1,0,0,1,0,1,0
*GH014447,9,2200,0.29,60,0,0,0,0,1,0,0,1,0,1,0
*GH014448,9,2200,0.29,60,0,0,0,0,1,0,0,1,0,1,0
*GH014450,9,2200,0.22,45,0,0,0,0,1,0,0,0,1,1,0
*GH014451,9,2200,0.22,45,0,0,0,0,1,0,0,1,0,1,0
*GH014452,9,2200,0.22,45,0,0,0,0,1,0,0,0,1,1,0
*GH014453,9,2200,0.22,45,0,0,0,0,1,0,0,0,1,1,0
*GH014454,9,2200,0.22,45,0,0,0,0,1,0,0,0,1,1,0
*GH014455,9,2200,0.22,45,0,0,0,0,1,0,0,0,1,1,0
*GH014456,9,2200,0.36,45,0,0,0,0,1,0,0,0,1,1,0
*GH014457,9,2200,0.36,45,0,0,0,1,0,1,0,0,0,0,0
*GH014458,9,2200,0.36,45,0,0,0,0,1,1,0,0,0,0,0
*GH014459,9,2200,0.36,45,0,0,0,0,1,0,0,0,1,1,1
*GH014460,9,2200,0.36,45,1,0,0,0,0,0,0,0,0,0,0
*GH014461,9,2200,0.36,45,0,0,0,0,1,1,0,0,0,0,0
GH012967,7,2000,0.36,45,0,0,0,1,0,0,0,1,0,1,0
GH012968,7,2000,0.36,45,0,0,0,1,0,1,0,0,0,0,0
GH012969,7,2000,0.36,45,0,0,0,1,0,1,0,0,0,0,0
GH012970,7,2000,0.36,45,0,0,0,0,1,0,1,0,0,1,0
GH012971,7,2000,0.36,45,0,0,0,1,0,0,1,0,0,1,0
GH012972,7,2000,0.36,45,1,0,0,0,0,0,0,0,0,0,0
GH012973,7,2000,0.22,30,0,0,0,0,1,0,0,1,0,1,0
GH012979,7,2000,0.36,30,0,0,0,0,1,0,1,0,0,0,0
GH012980,7,2000,0.36,30,0,1,0,0,0,1,0,0,0,0,0
GH012981,7,2000,0.36,30,1,0,0,0,0,0,0,0,0,0,0
GH012982,7,2000,0.36,30,0,0,0,0,1,1,0,0,0,0,0
GH012983,7,2000,0.36,30,0,1,0,0,0,1,0,0,0,0,0
GH012984,7,2000,0.36,30,0,0,0,1,0,1,0,0,0,0,0
GH012986,7,2000,0.29,30,0,0,0,0,1,0,1,0,0,0,0
GH012987,7,2000,0.29,30,0,0,0,0,1,0,1,0,0,0,0
GH012988,7,2000,0.29,30,0,0,0,1,0,0,1,0,0,0,0
GH012989,7,2000,0.29,30,0,0,0,0,1,0,0,1,0,0,0
GH012990,7,2000,0.29,30,0,0,0,0,1,0,1,0,0,1,0
GH012992,7,2000,0.22,45,0,0,0,0,1,0,0,0,1,1,0
GH012993,7,2000,0.22,45,0,0,0,0,1,0,0,0,1,1,0
GH012994,7,2000,0.22,45,0,0,0,0,1,0,0,0,1,1,0
GH012995,7,2000,0.22,45,0,0,0,0,1,0,0,0,1,1,0
GH012996,7,2000,0.22,45,0,0,0,0,1,0,0,1,0,1,0
GH012997,7,2000,0.22,45,0,0,0,0,1,0,0,1,0,1,0
GH012998,7,2000,0.36,60,0,0,0,0,1,1,0,0,0,0,0
GH012999,7,2000,0.36,60,0,1,0,0,0,1,0,0,0,0,0
GH013000,7,2000,0.36,60,0,0,0,1,0,0,0,1,0,0,0
GH013001,7,2000,0.36,60,0,0,0,1,0,0,1,0,0,1,0
GH013002,7,2000,0.36,60,0,0,0,1,0,0,1,0,0,1,0
GH013003,7,2000,0.36,60,1,0,0,0,0,0,0,0,0,0,0
GH013004,7,2000,0.29,60,0,0,0,0,1,0,0,1,0,1,0
GH013005,7,2000,0.29,60,0,0,0,0,1,0,1,0,0,1,0
GH013006,7,2000,0.29,60,0,1,0,0,0,1,0,0,0,0,0
GH013007,7,2000,0.29,60,0,0,0,0,1,0,0,1,0,0,0
GH013008,7,2000,0.29,60,0,0,0,1,0,0,1,0,0,1,0
GH013009,7,2000,0.29,60,0,0,0,1,0,0,1,0,0,1,0
GH013010,7,2000,0.22,60,0,0,0,0,1,0,0,0,1,1,0
GH013011,7,2000,0.22,60,0,0,0,0,1,0,0,1,0,1,0
GH013012,7,2000,0.22,60,0,0,0,0,1,0,0,1,0,1,0
GH013013,7,2000,0.22,60,0,0,0,0,1,0,0,1,0,1,0
GH013014,7,2000,0.22,60,0,0,0,0,1,0,0,1,0,1,0
GH013015,7,2000,0.22,60,0,0,0,0,1,0,0,0,1,1,0
GH013016,7,2000,0.29,45,0,0,0,1,0,0,1,0,0,1,0
GH013017,7,2000,0.29,45,0,0,0,0,1,0,1,0,0,1,0
GH013018,7,2000,0.29,45,0,0,0,1,0,0,1,0,0,1,0
GH013019,7,2000,0.29,45,0,0,0,1,0,0,1,0,0,1,0
GH013020,7,2000,0.29,45,0,0,0,0,1,0,0,1,0,1,0
GH013021,7,2000,0.29,45,0,0,0,0,1,0,0,1,0,1,0
GH013022,7,2000,0.36,30,0,0,0,0,1,1,0,0,0,0,0
GH013023,7,2000,0.36,30,0,0,0,1,0,1,0,0,0,0,0
GH013024,7,2000,0.36,30,1,0,0,0,0,0,0,0,0,0,0
GH013025,7,2000,0.36,30,0,0,0,1,0,1,0,0,0,0,0
GH013026,7,2000,0.36,30,0,0,0,1,0,1,0,0,0,0,0
GH013027,7,2000,0.36,30,1,0,0,0,0,0,0,0,0,0,0
GH013028,7,2000,0.22,60,0,0,0,0,1,0,0,1,0,1,0
GH013029,7,2000,0.22,60,0,0,0,0,1,0,0,0,1,1,0
GH013030,7,2000,0.22,60,0,0,0,0,1,0,0,0,1,1,0
GH013031,7,2000,0.22,60,0,0,0,0,1,0,0,1,0,1,0
GH013032,7,2000,0.22,60,0,0,0,0,1,0,0,0,1,1,0
GH013033,7,2000,0.22,60,0,0,0,0,1,0,0,0,1,1,0
GH013034,7,2000,0.36,60,0,0,0,1,0,0,1,0,0,1,0
GH013035,7,2000,0.36,60,0,0,0,0,1,0,1,0,0,0,0
GH013036,7,2000,0.36,60,1,0,0,0,0,0,0,0,0,0,0
GH013037,7,2000,0.36,60,0,0,1,0,0,0,1,0,0,1,0
GH013038,7,2000,0.36,60,0,0,1,0,0,0,1,0,0,1,0
GH013039,7,2000,0.36,60,0,0,0,1,0,0,1,0,0,1,0
GH013040,7,2000,0.36,45,0,0,0,1,0,1,0,0,0,0,0
GH013041,7,2000,0.36,45,0,0,0,1,0,1,0,0,0,0,0
GH013042,7,2000,0.36,45,0,0,0,1,0,1,0,0,0,0,0
GH013043,7,2000,0.36,45,0,0,0,1,0,1,0,0,0,0,0
GH013044,7,2000,0.36,45,1,0,0,0,0,0,0,0,0,0,0
GH013045,7,2000,0.36,45,0,0,0,0,1,1,0,0,1,0,0
GH013046,7,2000,0.22,45,0,0,0,0,1,0,0,1,0,1,0
GH013047,7,2000,0.22,45,0,0,0,0,1,0,0,0,1,1,0
GH013048,7,2000,0.22,45,0,0,0,0,1,0,0,0,1,1,0
GH013049,7,2000,0.22,45,0,0,0,0,1,0,0,0,1,1,0
GH013050,7,2000,0.22,45,0,0,0,0,1,0,0,1,0,1,0
GH013051,7,2000,0.22,45,0,0,0,1,0,0,0,1,0,1,0
GH013052,7,2000,0.29,30,0,0,0,1,0,0,0,1,0,1,0
GH013053,7,2000,0.29,30,0,0,0,0,1,0,0,1,0,1,0
GH013054,7,2000,0.29,30,0,0,0,0,1,0,0,1,0,1,0
GH013055,7,2000,0.29,30,0,0,1,0,0,0,0,0,1,1,0
GH013056,7,2000,0.29,30,0,0,0,1,0,0,1,0,0,1,0
GH013057,7,2000,0.29,30,0,0,0,0,1,0,0,1,0,1,0
GH013058,7,2000,0.22,30,0,0,0,0,1,0,0,0,1,1,0
GH013059,7,2000,0.22,30,0,0,0,0,1,0,0,1,0,1,0
GH013060,7,2000,0.22,30,0,0,0,0,1,0,0,1,0,1,0
GH013061,7,2000,0.22,30,0,0,0,0,1,0,0,0,1,1,0
GH013062,7,2000,0.22,30,0,0,0,0,1,0,0,0,1,1,0
GH013063,7,2000,0.22,30,0,0,0,0,1,0,0,1,0,1,0
GH013064,7,2000,0.29,45,0,0,0,0,1,0,0,1,0,0,0
GH013065,7,2000,0.29,45,0,0,0,0,1,0,1,0,0,0,0
GH013066,7,2000,0.29,45,1,0,0,0,0,0,0,0,0,0,0
GH013067,7,2000,0.29,45,0,0,0,1,0,1,0,0,0,0,0
GH013068,7,2000,0.29,45,0,0,0,0,1,0,1,0,0,0,0
GH013069,7,2000,0.29,45,0,0,0,0,1,0,0,1,1,0,0
GH013070,7,2000,0.29,60,0,0,0,0,1,0,1,0,0,1,0
GH013071,7,2000,0.29,60,0,0,0,1,0,1,0,0,0,0,0
GH013072,7,2000,0.29,60,0,0,0,0,1,1,0,0,0,1,0
GH013073,7,2000,0.29,60,0,0,0,0,1,0,0,1,0,1,0
GH013074,7,2000,0.29,60,0,0,0,0,1,0,0,1,0,1,0
GH013075,7,2000,0.29,60,0,0,0,1,0,0,1,0,0,1,0
GH013076,7,2000,0.22,45,0,0,0,0,1,0,0,1,0,1,0
GH013077,7,2000,0.22,45,0,0,0,0,1,0,0,0,1,1,0
GH013078,7,2000,0.22,45,0,0,0,0,1,0,0,1,0,1,0
GH013079,7,2000,0.22,45,0,0,0,0,1,0,0,0,1,1,0
GH013080,7,2000,0.22,45,0,0,0,0,1,0,0,0,1,1,0
GH013081,7,2000,0.22,45,0,0,0,0,1,0,0,1,0,1,0
GH013082,7,2000,0.36,60,1,0,0,0,0,0,0,0,0,0,0
GH013083,7,2000,0.36,60,0,0,0,0,1,0,0,1,0,1,0
GH013084,7,2000,0.36,60,0,0,0,1,0,1,0,0,0,0,0
GH013085,7,2000,0.36,60,0,0,0,0,1,0,1,0,0,0,0
GH013086,7,2000,0.36,60,0,0,0,1,0,1,0,0,0,1,0
GH013087,7,2000,0.36,60,0,0,0,0,1,0,1,0,0,0,0
GH013088,7,2000,0.22,60,0,0,0,0,1,0,0,0,1,1,1
GH013089,7,2000,0.22,60,0,0,0,0,1,0,0,0,1,1,0
GH013090,7,2000,0.22,60,0,0,0,0,1,0,0,0,1,1,0
GH013091,7,2000,0.22,60,0,0,0,0,1,0,0,0,1,1,0
GH013092,7,2000,0.22,60,0,0,0,0,1,0,0,0,1,1,0
GH013093,7,2000,0.22,60,0,0,0,0,1,0,0,0,1,1,0
GH013094,7,2000,0.22,30,0,0,0,0,1,0,0,0,1,1,0
GH013095,7,2000,0.22,30,0,0,0,0,1,0,0,0,1,1,0
GH013096,7,2000,0.22,30,0,0,0,0,1,0,0,0,1,1,0
GH013097,7,2000,0.22,30,0,0,0,0,1,0,0,0,1,1,0
GH013098,7,2000,0.22,30,0,0,0,0,1,0,0,1,0,1,0
GH013099,7,2000,0.22,30,0,0,0,0,1,0,0,1,0,1,0
GH013100,7,2000,0.36,45,0,0,0,0,1,1,0,0,0,0,0
GH013101,7,2000,0.36,45,0,0,0,0,1,1,0,0,0,0,0
GH013102,7,2000,0.36,45,0,0,0,0,1,1,0,0,0,0,0
GH013103,7,2000,0.36,45,1,0,0,0,0,0,0,0,0,0,0
GH013104,7,2000,0.36,45,0,0,0,0,1,0,1,0,0,1,0
GH013105,7,2000,0.36,45,0,0,0,0,1,0,1,0,0,0,0
GH013106,7,2000,0.29,45,0,0,0,0,1,1,0,0,0,0,0
GH013107,7,2000,0.29,45,0,0,0,0,1,0,0,0,1,1,0
GH013108,7,2000,0.29,45,0,0,0,0,1,0,0,1,0,1,0
GH013109,7,2000,0.29,45,0,0,0,0,1,0,0,0,1,1,0
GH013110,7,2000,0.29,45,0,0,0,1,0,0,1,0,0,1,0
GH013111,7,2000,0.29,45,0,0,0,0,1,0,0,0,1,1,0
GH013112,7,2000,0.36,30,0,0,0,1,0,1,0,0,0,0,0
GH013113,7,2000,0.36,30,0,0,0,0,1,0,1,0,0,1,0
GH013114,7,2000,0.36,30,0,0,0,1,0,1,0,0,0,0,0
GH013115,7,2000,0.36,30,0,0,0,1,0,1,0,0,0,0,0
GH013116,7,2000,0.36,30,0,1,0,0,0,1,0,0,0,0,0
GH013117,7,2000,0.36,30,0,0,0,1,0,1,0,0,0,0,0
GH013118,7,2000,0.29,60,0,0,0,0,1,0,1,0,0,1,0
GH013119,7,2000,0.29,60,0,0,0,0,1,0,1,0,0,1,0
GH013120,7,2000,0.29,60,0,0,0,0,1,0,0,1,0,1,0
GH013121,7,2000,0.29,60,0,0,0,0,1,0,0,1,0,1,0
GH013122,7,2000,0.29,60,0,0,0,0,1,0,1,0,0,1,0
GH013123,7,2000,0.29,60,0,0,0,0,1,0,0,1,0,1,0
GH013124,7,2000,0.29,30,0,0,0,0,1,0,1,0,0,1,0
GH013125,7,2000,0.29,30,0,0,0,0,1,0,1,0,0,1,0
GH013126,7,2000,0.29,30,0,0,0,0,1,0,0,1,0,1,0
GH013127,7,2000,0.29,30,0,0,0,0,1,0,0,1,0,1,0
GH013128,7,2000,0.29,30,0,0,0,1,0,0,1,0,0,0,0
GH013129,7,2000,0.29,30,0,0,0,0,1,0,0,1,0,1,0
GH013130,9,2000,0.22,60,0,0,0,0,1,0,0,0,1,1,0
GH013131,9,2000,0.22,60,0,0,0,0,1,0,0,1,0,1,0
GH013132,9,2000,0.22,60,0,0,0,0,1,0,0,1,0,1,0
GH013133,9,2000,0.22,60,0,0,0,0,1,0,0,1,0,1,0
GH013134,9,2000,0.22,60,0,0,0,0,1,0,0,0,1,1,0
GH013135,9,2000,0.22,60,0,0,0,0,1,0,0,0,1,1,0
GH013136,9,2000,0.22,60,0,0,0,0,1,0,0,1,0,1,0
GH013137,9,2000,0.22,60,0,0,0,0,1,0,0,1,0,1,0
GH013138,9,2000,0.22,60,0,0,0,0,1,0,0,0,1,1,0
GH013139,9,2000,0.22,60,0,0,0,0,1,0,0,1,0,1,0
GH013140,9,2000,0.22,60,0,0,0,0,1,0,0,0,1,1,0
GH013141,9,2000,0.22,60,0,0,0,0,1,0,0,0,1,1,0
GH013142,9,2000,0.22,60,0,0,0,0,1,0,0,1,0,1,0
GH013143,9,2000,0.22,60,0,0,0,0,1,0,0,1,0,1,0
GH013144,9,2000,0.22,60,0,0,0,0,1,0,1,0,0,0,0
GH013145,9,2000,0.22,60,0,0,0,0,1,0,0,0,1,1,0
GH013146,9,2000,0.22,60,0,0,0,0,1,0,0,1,0,1,0
GH013147,9,2000,0.22,60,1,0,0,0,0,0,0,0,0,0,0
GH013148,9,2000,0.22,45,0,0,0,0,1,0,0,1,0,1,0
GH013149,9,2000,0.22,45,0,0,0,0,1,0,0,1,0,1,0
GH013150,9,2000,0.22,45,0,0,0,0,1,0,0,0,1,1,0
GH013151,9,2000,0.22,45,0,0,0,0,1,0,1,0,0,0,0
GH013152,9,2000,0.22,45,0,0,0,0,1,0,0,1,0,1,0
GH013153,9,2000,0.22,45,0,0,0,1,0,0,0,0,1,1,0
GH013156,9,2000,0.22,45,0,0,0,0,1,0,0,0,1,1,0
GH013157,9,2000,0.22,45,0,0,0,0,1,0,0,1,0,1,0
GH013158,9,2000,0.22,45,0,0,0,0,1,0,0,0,1,1,0
GH013159,9,2000,0.22,45,0,0,0,0,1,0,0,1,0,1,0
GH013160,9,2000,0.22,45,0,0,0,0,1,0,0,1,0,1,0
GH013161,9,2000,0.22,45,0,0,0,0,1,0,0,0,1,1,0
GH013162,9,2000,0.22,45,0,0,1,0,0,0,0,0,1,0,0
GH013163,9,2000,0.22,45,0,0,0,0,1,0,0,1,0,1,0
GH013164,9,2000,0.22,45,0,0,0,0,1,0,0,0,1,1,0
GH013165,9,2000,0.22,45,0,0,0,0,1,0,0,0,1,1,0
GH013167,9,2000,0.22,30,0,0,0,0,1,0,0,1,0,1,0
GH013168,9,2000,0.22,30,0,0,0,0,1,0,0,0,1,1,0
GH013169,9,2000,0.22,30,0,0,0,0,1,0,0,0,1,1,0
GH013170,9,2000,0.22,30,0,1,0,0,0,0,0,1,0,0,0
GH013171,9,2000,0.22,30,0,0,0,0,1,0,0,1,0,1,0
GH013172,9,2000,0.22,30,0,0,0,0,1,0,0,1,0,1,0
GH013173,9,2000,0.22,30,0,0,0,0,1,0,0,1,0,0,0
GH013174,9,2000,0.22,30,0,0,0,0,1,0,0,1,0,1,0
GH013175,9,2000,0.22,30,0,0,0,0,1,0,0,1,0,1,0
GH013176,9,2000,0.22,30,0,0,0,0,1,0,0,0,1,1,0
GH013177,9,2000,0.22,30,0,0,0,0,1,0,0,1,0,1,0
GH013178,9,2000,0.22,30,0,0,0,0,1,0,0,1,0,1,0
GH013179,9,2000,0.22,30,0,0,0,0,1,0,1,0,0,0,0
GH013180,9,2000,0.22,30,0,0,0,0,1,0,1,0,0,0,0
GH013181,9,2000,0.22,30,0,0,0,0,1,0,0,0,1,1,0
GH013182,9,2000,0.22,30,0,0,0,0,1,0,0,0,1,1,0
GH013183,9,2000,0.22,30,0,0,0,0,1,0,0,0,1,1,0
GH013184,9,2000,0.22,30,0,0,0,0,1,0,0,1,0,1,0
GH013185,9,2000,0.29,60,0,0,0,0,1,0,0,1,0,1,0
GH013201,9,2000,0.36,60,0,0,0,0,1,1,0,0,0,0,0
GH013227,9,2000,0.29,45,0,0,0,1,0,1,0,0,0,0,0
GH013228,9,2000,0.29,45,0,0,0,0,1,0,1,0,0,1,0
GH013229,9,2000,0.29,45,0,0,0,0,1,0,1,0,0,1,0
GH013230,9,2000,0.29,45,0,0,0,0,1,0,0,1,0,1,0
GH013231,9,2000,0.29,45,0,0,0,0,1,0,1,0,0,1,0
GH013232,9,2000,0.29,45,0,0,0,0,1,0,1,0,0,1,0
GH013233,9,2000,0.36,45,0,0,0,0,1,0,0,1,0,0,0
GH013234,9,2000,0.36,45,0,0,0,0,1,0,0,1,0,1,0
GH013235,9,2000,0.36,45,1,0,0,0,0,0,0,0,0,0,0
GH013236,9,2000,0.36,45,0,0,0,0,1,1,0,0,0,0,0
GH013237,9,2000,0.36,45,1,0,0,0,0,0,0,0,0,0,0
GH013238,9,2000,0.36,45,0,0,0,1,0,1,0,0,0,0,0
GH013239,9,2000,0.29,30,0,0,0,0,1,0,1,0,0,1,0
GH013240,9,2000,0.29,30,0,0,0,0,1,0,0,0,1,1,0
GH013241,9,2000,0.29,30,0,0,0,0,1,0,0,0,1,1,0
GH013242,9,2000,0.29,30,0,0,0,0,1,0,0,1,0,1,0
GH013243,9,2000,0.29,30,0,0,0,1,0,1,0,0,0,0,0
GH013244,9,2000,0.29,30,0,0,0,0,1,0,0,1,0,1,0
GH013245,9,2000,0.36,30,0,0,0,0,1,0,0,0,1,1,0
GH013246,9,2000,0.36,30,0,0,0,0,1,1,0,0,0,0,0
GH013247,9,2000,0.36,30,0,0,0,0,1,1,0,0,0,0,0
GH013248,9,2000,0.36,30,0,0,0,1,0,1,0,0,0,0,0
GH013249,9,2000,0.36,30,0,0,0,0,1,1,0,0,0,1,0
GH013250,9,2000,0.36,30,1,0,0,0,0,0,0,0,0,0,0
GH013251,9,2000,0.36,60,1,0,0,0,0,0,0,0,0,0,0
GH013252,9,2000,0.36,60,0,0,0,1,0,1,0,0,0,0,0
GH013253,9,2000,0.36,60,0,0,0,0,1,1,0,0,0,0,0
GH013254,9,2000,0.36,60,0,0,0,0,1,1,0,0,0,0,0
GH013255,9,2000,0.36,60,0,0,0,1,0,1,0,0,0,0,0
GH013256,9,2000,0.36,60,0,0,0,0,1,1,0,0,0,0,0
GH013257,9,2000,0.36,45,0,0,0,1,0,1,0,0,0,0,0
GH013258,9,2000,0.36,45,0,0,0,1,0,1,0,0,0,0,0
GH013259,9,2000,0.36,45,0,0,0,0,1,1,0,0,0,0,0
GH013260,9,2000,0.36,45,1,0,0,0,0,0,0,0,0,0,0
GH013261,9,2000,0.36,45,0,0,0,1,0,1,0,0,0,0,0
GH013262,9,2000,0.36,45,0,0,0,0,1,1,0,0,0,0,0
GH013263,9,2000,0.29,45,0,0,0,0,1,0,0,1,0,1,0
GH013264,9,2000,0.29,45,0,0,0,0,1,0,1,0,0,1,0
GH013265,9,2000,0.29,45,0,0,0,0,1,0,0,1,0,1,0
GH013266,9,2000,0.29,45,0,0,0,1,0,1,0,0,0,1,0
GH013267,9,2000,0.29,45,0,0,0,0,1,0,1,0,0,1,0
GH013268,9,2000,0.29,45,0,0,0,0,1,0,0,0,1,1,0
GH013269,9,2000,0.29,30,0,1,0,0,0,1,0,0,0,0,0
GH013270,9,2000,0.29,30,0,0,1,0,0,0,1,0,0,0,0
GH013271,9,2000,0.29,30,0,0,0,1,0,0,0,1,0,1,0
GH013272,9,2000,0.29,30,0,0,0,1,0,0,0,1,0,1,0
GH013273,9,2000,0.29,30,0,0,0,1,0,0,1,0,0,1,0
GH013274,9,2000,0.29,30,0,0,0,0,1,0,0,1,0,1,0
GH013275,9,2000,0.36,60,0,0,0,1,0,1,0,0,0,0,0
GH013276,9,2000,0.36,60,1,0,0,0,0,0,0,0,0,0,0
GH013277,9,2000,0.36,60,0,0,0,0,1,1,0,0,0,0,0
GH013278,9,2000,0.36,60,0,0,0,1,0,0,1,0,0,0,0
GH013279,9,2000,0.36,60,0,0,0,0,1,0,0,1,0,1,0
GH013280,9,2000,0.36,60,0,0,0,0,1,1,0,0,0,0,0
GH013281,9,2000,0.29,60,0,0,0,0,1,0,0,1,0,1,0
GH013282,9,2000,0.29,60,0,0,0,0,1,0,0,1,0,1,0
GH013283,9,2000,0.29,60,0,0,0,0,1,0,1,0,0,1,0
GH013284,9,2000,0.29,60,1,0,0,0,0,0,0,0,0,0,0
GH013285,9,2000,0.29,60,0,0,0,1,0,0,1,0,0,1,0
GH013286,9,2000,0.29,60,0,0,0,0,1,0,0,1,0,1,0
GH013287,9,2000,0.36,45,1,0,0,0,0,0,0,0,0,0,0
GH013288,9,2000,0.36,45,1,0,0,0,0,0,0,0,0,0,0
GH013289,9,2000,0.36,45,1,0,0,0,0,0,0,0,0,0,0
GH013290,9,2000,0.36,45,0,0,0,0,1,0,1,0,0,1,0
GH013291,9,2000,0.36,45,0,0,0,0,1,1,0,0,0,0,0
GH013292,9,2000,0.36,45,1,0,0,0,0,0,0,0,0,0,0
GH013293,5,2000,0.29,60,0,0,0,0,1,0,1,0,0,1,0
GH013294,5,2000,0.29,60,0,0,0,0,1,1,0,0,0,0,0
GH013295,5,2000,0.29,60,0,0,0,0,1,0,0,1,0,1,0
GH013296,5,2000,0.29,60,0,0,0,0,1,0,1,0,0,1,0
GH013297,5,2000,0.29,60,0,0,0,0,1,0,1,0,0,1,0
GH013298,5,2000,0.29,60,0,0,0,0,1,0,0,1,0,1,0
GH013299,5,2000,0.22,45,0,0,0,0,1,0,1,0,0,1,0
GH013300,5,2000,0.22,45,0,0,0,0,1,0,0,1,0,1,0
GH013301,5,2000,0.22,45,0,0,0,0,1,0,0,1,0,1,0
GH013302,5,2000,0.22,45,0,0,0,0,1,0,0,1,0,1,0
GH013303,5,2000,0.22,45,0,0,0,0,1,0,0,1,0,1,0
GH013304,5,2000,0.22,45,0,0,0,0,1,0,1,0,0,1,0
GH013305,5,2000,0.36,30,0,0,0,0,1,0,1,0,0,1,0
GH013306,5,2000,0.36,30,1,0,0,0,0,0,0,0,0,0,0
GH013307,5,2000,0.36,30,0,0,0,1,0,1,0,0,0,1,0
GH013308,5,2000,0.36,30,0,0,0,1,0,1,0,0,0,0,0
GH013309,5,2000,0.36,30,1,0,0,0,0,0,0,0,0,0,0
GH013310,5,2000,0.36,30,0,0,0,0,1,1,0,0,0,1,0
GH013311,5,2000,0.36,60,0,0,0,0,1,1,0,0,0,0,0
GH013312,5,2000,0.36,60,0,0,0,0,1,1,0,0,0,0,0
GH013313,5,2000,0.36,60,0,0,0,1,0,0,1,0,0,1,0
GH013314,5,2000,0.36,60,1,0,0,0,0,0,0,0,0,0,0
GH013315,5,2000,0.36,60,1,0,0,0,0,0,0,0,0,0,0
GH013316,5,2000,0.36,60,1,0,0,0,0,0,0,0,0,0,0
GH013317,5,2000,0.22,30,0,0,0,0,1,0,0,1,0,1,0
GH013318,5,2000,0.22,30,0,0,0,0,1,0,1,0,0,1,0
GH013319,5,2000,0.22,30,0,0,0,0,1,0,0,0,1,1,0
GH013320,5,2000,0.22,30,0,0,0,0,1,0,0,0,1,1,0
GH013321,5,2000,0.22,30,0,0,0,0,1,0,0,1,0,1,0
GH013322,5,2000,0.22,30,0,0,0,0,1,0,1,0,0,1,0
GH013323,5,2000,0.29,45,0,0,0,0,1,0,1,0,0,0,0
GH013324,5,2000,0.29,45,0,0,0,0,1,1,0,0,0,0,0
GH013325,5,2000,0.29,45,0,0,0,0,1,0,1,0,0,1,0
GH013326,5,2000,0.29,45,0,0,0,0,1,0,1,0,0,1,0
GH013327,5,2000,0.29,45,0,0,0,0,1,0,1,0,0,1,0
GH013328,5,2000,0.29,45,0,0,0,1,0,0,1,0,0,1,0
GH013329,5,2000,0.29,30,0,0,0,1,0,0,1,0,0,1,0
GH013330,5,2000,0.29,30,0,0,0,1,0,0,1,0,0,1,0
GH013331,5,2000,0.29,30,0,0,0,0,1,0,0,1,0,1,0
GH013332,5,2000,0.29,30,0,0,0,0,1,1,0,0,0,1,0
GH013333,5,2000,0.29,30,0,0,0,0,1,0,0,1,0,1,0
GH013334,5,2000,0.29,30,0,0,0,0,1,0,0,1,0,1,0
GH013335,5,2000,0.36,45,1,0,0,0,0,0,0,0,0,0,0
GH013336,5,2000,0.36,45,0,0,0,0,1,1,0,0,0,1,0
GH013337,5,2000,0.36,45,0,0,0,0,1,1,0,0,0,0,0
GH013338,5,2000,0.36,45,1,0,0,0,0,0,0,0,0,0,0
GH013339,5,2000,0.36,45,1,0,0,0,0,0,0,0,0,0,0
GH013340,5,2000,0.36,45,1,0,0,0,0,0,0,0,0,0,0
GH0133407,5,2000,0.36,30,1,0,0,0,0,0,0,0,0,0,0
GH0133408,5,2000,0.36,30,0,0,0,0,1,1,0,0,0,0,0
GH0133409,5,2000,0.36,30,1,0,0,0,0,0,0,0,0,0,0
GH013341,5,2000,0.22,60,0,0,0,0,1,0,0,1,0,1,0
GH0133410,5,2000,0.36,30,0,0,0,0,1,0,0,0,1,1,0
GH0133411,5,2000,0.36,30,0,0,0,0,1,1,0,0,0,0,0
GH0133412,5,2000,0.36,30,0,0,0,0,1,1,0,0,0,0,0
GH0133413,5,2000,0.29,45,0,0,0,1,0,1,0,0,0,1,0
GH0133414,5,2000,0.29,45,0,0,0,0,1,0,0,0,1,1,0
GH0133415,5,2000,0.29,45,0,0,0,0,1,0,0,1,0,1,0
GH0133416,5,2000,0.29,45,0,0,0,0,1,0,0,1,0,1,0
GH0133417,5,2000,0.29,45,0,0,0,0,1,0,1,0,0,1,0
GH0133418,5,2000,0.29,45,0,0,0,0,1,0,1,0,0,1,0
GH0133419,5,2000,0.29,30,0,0,0,0,1,0,0,1,0,1,0
GH013342,5,2000,0.22,60,0,0,0,0,1,0,0,0,1,1,0
GH0133420,5,2000,0.29,30,0,0,0,0,1,0,1,0,0,1,0
GH0133421,5,2000,0.29,30,0,0,0,0,1,0,1,0,0,1,0
GH0133422,5,2000,0.29,30,0,0,0,0,1,1,0,0,0,1,0
GH0133423,5,2000,0.29,30,0,0,0,0,1,0,1,0,0,0,0
GH0133424,5,2000,0.29,30,0,0,0,1,0,0,1,0,0,1,0
GH0133425,5,2000,0.36,60,0,0,0,1,0,0,0,0,1,1,0
GH0133426,5,2000,0.36,60,1,0,0,0,0,0,0,0,0,0,0
GH0133427,5,2000,0.36,60,1,0,0,0,0,0,0,0,0,0,0
GH0133428,5,2000,0.36,60,0,0,0,0,1,0,1,0,0,0,0
GH0133429,5,2000,0.36,60,0,0,0,1,0,1,0,0,0,0,0
GH013343,5,2000,0.22,60,0,0,0,0,1,0,0,0,1,1,0
GH0133430,5,2000,0.36,60,0,0,0,0,1,1,0,0,0,0,0
GH0133431,5,2000,0.22,30,0,0,0,0,1,0,0,1,0,1,0
GH0133432,5,2000,0.22,30,0,0,0,0,1,0,0,0,1,1,0
GH0133433,5,2000,0.22,30,0,0,0,0,1,0,0,1,0,1,0
GH0133434,5,2000,0.22,30,0,0,0,0,1,0,1,0,0,1,0
GH0133435,5,2000,0.22,30,0,0,0,0,1,0,0,1,0,1,0
GH0133436,5,2000,0.22,30,0,0,0,0,1,0,0,1,0,1,0
GH0133437,5,2000,0.29,60,0,0,0,0,1,0,0,0,1,1,0
GH0133438,5,2000,0.29,60,0,0,0,0,1,0,1,0,0,1,0
GH0133439,5,2000,0.29,60,0,0,0,0,1,0,1,0,0,1,0
GH013344,5,2000,0.22,60,0,0,0,0,1,0,0,0,1,1,0
GH0133440,5,2000,0.29,60,0,0,0,0,1,0,1,0,0,1,0
GH0133441,5,2000,0.29,60,0,0,0,0,1,0,1,0,0,1,0
GH0133442,5,2000,0.29,60,0,0,0,0,1,0,1,0,0,1,0
GH0133443,5,2000,0.22,45,0,0,0,0,1,0,0,0,1,1,0
GH0133444,5,2000,0.22,45,1,0,0,0,0,0,0,0,0,0,0
GH0133445,5,2000,0.22,45,1,0,0,0,0,0,0,0,0,0,0
GH0133446,5,2000,0.22,45,1,0,0,0,0,0,0,0,0,0,0
GH0133447,5,2000,0.22,45,1,0,0,0,0,0,0,0,0,0,0
GH0133448,5,2000,0.22,45,1,0,0,0,0,0,0,0,0,0,0
GH0133449,5,2000,0.36,45,0,0,0,0,1,1,0,0,0,0,0
GH013345,5,2000,0.22,60,0,0,0,0,1,0,0,1,0,1,0
GH0133450,5,2000,0.36,45,0,0,0,0,1,1,0,0,0,0,0
GH0133451,5,2000,0.36,45,0,0,0,1,0,0,1,0,0,1,0
GH0133452,5,2000,0.36,45,0,0,0,1,0,1,0,0,0,0,0
GH0133453,5,2000,0.36,45,0,0,0,1,0,1,0,0,0,0,0
GH0133454,5,2000,0.36,45,0,0,0,0,1,0,0,1,0,1,0
GH013346,5,2000,0.22,60,0,0,0,0,1,0,0,0,1,1,0
GH013347,5,2000,0.22,30,0,0,0,0,1,0,0,0,1,1,0
GH013348,5,2000,0.22,30,0,0,0,1,0,1,0,0,0,0,0
GH013349,5,2000,0.22,30,0,0,0,0,1,0,0,0,1,1,0
GH013350,5,2000,0.22,30,0,0,0,0,1,0,0,1,0,1,0
GH013351,5,2000,0.22,30,0,0,0,0,1,0,0,1,0,1,0
GH013352,5,2000,0.22,30,0,0,0,0,1,0,0,0,1,1,0
GH013353,5,2000,0.29,60,0,0,0,0,1,1,0,0,0,1,0
GH013354,5,2000,0.29,60,0,0,0,0,1,1,0,0,0,0,0
GH013355,5,2000,0.29,60,0,0,0,0,1,0,0,1,0,1,0
GH013356,5,2000,0.29,60,0,0,0,0,1,0,1,0,0,0,0
GH013357,5,2000,0.29,60,0,0,0,0,1,0,0,1,0,1,0
GH013358,5,2000,0.29,60,0,0,0,0,1,0,0,1,0,1,0
GH013359,5,2000,0.29,45,0,0,0,0,1,0,1,0,0,1,0
GH013360,5,2000,0.29,45,0,0,0,0,1,0,1,0,0,1,0
GH013361,5,2000,0.29,45,0,0,0,0,1,0,1,0,0,0,0
GH013362,5,2000,0.29,45,0,0,0,0,1,0,1,0,0,1,0
GH013363,5,2000,0.29,45,0,0,0,0,1,0,1,0,0,1,0
GH013364,5,2000,0.29,45,0,0,0,0,1,1,0,0,0,1,0
GH013365,5,2000,0.36,45,0,0,0,0,1,0,1,0,0,1,0
GH013366,5,2000,0.36,45,0,0,0,0,1,0,1,0,0,1,0
GH013367,5,2000,0.36,45,1,0,0,0,0,0,0,0,0,0,0
GH013368,5,2000,0.36,45,1,0,0,0,0,0,0,0,0,0,0
GH013369,5,2000,0.36,45,1,0,0,0,0,0,0,0,0,0,0
GH013370,5,2000,0.29,30,0,0,1,0,0,0,0,0,0,0,0
GH013370,5,2000,0.36,45,1,0,0,0,0,0,0,0,0,0,0
GH013371,5,2000,0.29,30,0,0,0,0,0,0,0,1,0,0,0
GH013372,5,2000,0.29,30,0,0,0,0,1,0,0,1,0,1,0
GH013373,5,2000,0.29,30,0,0,0,0,1,0,1,0,0,1,0
GH013374,5,2000,0.29,30,0,0,0,0,1,0,1,0,0,1,0
GH013375,5,2000,0.29,30,0,0,0,0,1,0,1,0,0,1,0
GH013376,5,2000,0.29,30,0,0,0,0,0,0,1,0,0,1,0
GH013377,5,2000,0.22,45,0,0,0,0,1,0,0,1,0,1,0
GH013378,5,2000,0.22,45,0,0,0,0,1,0,0,1,0,1,0
GH013379,5,2000,0.22,45,0,0,0,0,1,0,1,0,0,1,0
GH013380,5,2000,0.22,45,0,0,0,0,1,0,0,0,1,1,0
GH013381,5,2000,0.22,45,0,0,0,0,1,0,0,0,1,1,0
GH013382,5,2000,0.22,45,0,1,0,0,0,1,0,0,0,0,0
GH013383,5,2000,0.36,30,0,0,0,0,1,1,0,0,0,0,0
GH013384,5,2000,0.36,30,0,0,0,1,0,0,1,0,0,1,0
GH013385,5,2000,0.36,30,1,0,0,0,0,0,0,0,0,0,0
GH013386,5,2000,0.36,30,1,0,0,0,0,0,0,0,0,0,0
GH013387,5,2000,0.36,30,0,0,0,0,1,1,0,0,0,0,0
GH013388,5,2000,0.36,30,0,0,0,0,1,1,0,0,0,0,0
GH013389,5,2000,0.22,60,0,0,0,0,1,0,0,1,0,0,0
GH013390,5,2000,0.22,60,0,0,0,0,1,0,0,1,0,1,0
GH013391,5,2000,0.22,60,0,0,0,0,1,0,0,0,1,1,0
GH013392,5,2000,0.22,60,0,0,0,0,1,0,0,1,0,1,0
GH013393,5,2000,0.22,60,0,0,0,0,1,0,0,1,0,1,0
GH013394,5,2000,0.22,60,0,0,0,0,1,0,0,1,0,0,0
GH013395,5,2000,0.36,60,0,0,0,1,0,1,0,0,0,0,0
GH013396,5,2000,0.36,60,0,0,0,0,1,0,1,0,0,1,0
GH013397,5,2000,0.36,60,0,0,0,0,1,0,1,0,0,1,0
GH013398,5,2000,0.36,60,1,0,0,0,1,0,1,0,0,0,0
GH013400,5,2000,0.36,60,0,0,0,0,1,1,0,0,0,0,0
GH013401,5,2000,0.22,60,0,0,0,0,1,0,0,0,1,1,0
GH013402,5,2000,0.22,60,0,0,0,0,1,0,0,0,1,1,0
GH013403,5,2000,0.22,60,0,0,0,0,1,0,0,0,1,1,0
GH013404,5,2000,0.22,60,0,0,0,0,1,0,0,0,1,1,0
GH013405,5,2000,0.22,60,0,0,0,0,1,0,0,0,1,1,0
GH013406,5,2000,0.22,60,0,0,0,0,1,0,0,0,1,1,0
GH013455,7,1800,0.36,60,0,0,1,0,0,1,0,0,0,0,0
GH013456,7,1800,0.36,60,0,1,0,0,0,1,0,0,0,0,0
GH013457,7,1800,0.36,60,1,0,0,0,0,0,0,0,0,0,0
GH013458,7,1800,0.36,60,0,0,0,1,0,1,0,0,0,1,0
GH013459,7,1800,0.36,60,0,1,0,0,0,1,0,0,0,0,0
GH013460,7,1800,0.36,60,1,0,0,0,0,0,0,0,0,0,0
GH013461,7,1800,0.22,60,0,0,0,0,1,0,0,0,1,1,0
GH013462,7,1800,0.22,60,0,0,0,0,1,0,0,1,0,1,0
GH013463,7,1800,0.22,60,0,0,0,0,1,0,0,0,1,1,0
GH013464,7,1800,0.22,60,0,0,0,0,1,0,0,0,1,1,0
GH013465,7,1800,0.22,60,0,0,0,0,1,0,0,0,1,1,0
GH013466,7,1800,0.22,60,0,0,0,0,1,0,1,0,0,1,0
GH013473,7,1800,0.29,60,0,0,0,0,1,0,0,0,1,1,0
GH013474,7,1800,0.29,60,0,0,0,0,1,0,1,1,0,1,0
GH013475,7,1800,0.29,60,0,0,0,0,1,0,0,0,0,1,0
GH013476,7,1800,0.29,60,0,0,0,0,1,0,0,0,1,1,0
GH013477,7,1800,0.29,60,0,0,0,0,1,0,0,0,1,1,0
GH013478,7,1800,0.29,60,0,0,0,0,1,0,0,1,0,1,0
GH013485,7,1800,0.36,60,0,0,0,0,1,0,0,0,1,1,1
GH013486,7,1800,0.36,60,0,0,0,0,1,1,0,0,0,1,0
GH013487,7,1800,0.36,60,0,0,0,0,1,0,1,0,0,1,0
GH013488,7,1800,0.36,60,0,0,1,0,0,0,0,0,1,0,0
GH013489,7,1800,0.36,60,0,0,0,0,1,1,0,0,0,1,0
GH013490,7,1800,0.36,60,0,0,0,0,1,1,0,0,0,1,0
GH013491,7,1800,0.29,60,0,0,0,0,1,0,0,1,0,1,0
GH013492,7,1800,0.29,60,0,0,0,1,0,0,1,0,0,1,0
GH013493,7,1800,0.29,60,0,0,0,0,1,0,0,0,1,1,0
GH013494,7,1800,0.29,60,0,0,0,1,0,0,0,1,0,1,0
GH013495,7,1800,0.29,60,0,0,0,0,1,1,0,0,0,1,0
GH013496,7,1800,0.29,60,0,0,0,0,1,0,1,0,0,1,0
GH013497,7,1800,0.22,60,0,0,0,0,1,0,0,0,1,1,0
GH013498,7,1800,0.22,60,0,0,0,0,1,0,0,0,1,1,0
GH013499,7,1800,0.22,60,0,0,0,0,1,0,0,0,1,1,0
GH013500,7,1800,0.22,60,0,0,0,0,1,0,0,0,1,1,0
GH013501,7,1800,0.22,60,0,0,0,0,1,0,0,0,1,1,0
GH013502,7,1800,0.22,60,0,0,0,0,1,0,0,1,1,1,0
GH013503,7,1800,0.29,60,0,0,0,0,1,0,0,0,1,1,0
GH013504,7,1800,0.29,60,0,0,0,1,0,0,1,0,0,1,0
GH013505,7,1800,0.29,60,0,0,0,0,1,0,1,0,0,1,0
GH013506,7,1800,0.29,60,0,0,0,0,1,0,1,0,0,0,0
GH013507,7,1800,0.29,60,0,0,0,0,1,0,1,0,0,0,0
GH013508,7,1800,0.29,60,0,0,0,0,1,0,1,0,0,1,0
GH013515,7,1800,0.22,60,0,0,0,0,1,0,0,0,1,1,0
GH013516,7,1800,0.22,60,0,0,0,0,1,0,0,0,1,1,0
GH013517,7,1800,0.22,60,0,0,0,0,1,0,0,0,1,1,0
GH013518,7,1800,0.22,60,0,0,0,0,1,0,0,0,1,1,1
GH013519,7,1800,0.22,60,0,0,0,0,1,0,0,0,1,1,0
GH013520,7,1800,0.22,60,0,0,0,0,1,0,0,0,1,1,0
GH013521,7,1800,0.36,60,0,0,0,0,1,0,0,0,1,1,0
GH013522,7,1800,0.36,60,1,0,0,0,0,0,0,0,0,0,0
GH013523,7,1800,0.36,60,0,0,0,0,1,0,0,0,1,1,0
GH013524,7,1800,0.36,60,0,0,0,0,1,0,0,0,1,1,0
GH013525,7,1800,0.36,60,0,0,0,0,1,0,1,0,0,1,0
GH013526,7,1800,0.36,60,0,0,0,0,1,1,0,0,0,0,0
GH013538,7,1800,0.36,45,1,0,0,0,0,0,0,0,0,0,0
GH013539,7,1800,0.36,45,0,0,0,0,1,1,0,0,0,0,0
GH013540,7,1800,0.36,45,0,0,0,0,0,0,0,0,0,1,0
GH013541,7,1800,0.36,45,0,0,0,0,1,0,0,0,1,0,1
GH013542,7,1800,0.36,45,0,0,0,0,1,1,0,0,0,1,0
GH013543,7,1800,0.36,45,0,0,0,0,1,1,0,0,0,0,0
GH013544,7,1800,0.22,30,0,0,0,0,1,0,1,0,0,1,0
GH013545,7,1800,0.22,30,0,0,0,0,1,0,0,1,1,1,0
GH013546,7,1800,0.22,30,0,0,0,0,1,0,0,1,1,1,0
GH013547,7,1800,0.22,30,0,0,0,0,1,0,0,0,1,1,0
GH013548,7,1800,0.22,30,0,0,0,0,1,0,0,0,1,0,0
GH013549,7,1800,0.22,30,0,0,0,0,1,0,0,0,1,1,0
GH013550,7,1800,0.36,30,0,0,1,0,0,1,0,0,0,0,0
GH013551,7,1800,0.36,30,0,0,0,0,1,1,0,0,0,0,0
GH013552,7,1800,0.36,30,0,0,0,0,1,0,0,1,0,1,0
GH013553,7,1800,0.36,30,0,0,1,0,0,1,0,0,0,0,0
GH013554,7,1800,0.36,30,0,0,0,0,1,1,0,0,0,1,0
GH013555,7,1800,0.36,30,0,0,0,0,1,1,0,0,0,1,0
GH013556,7,1800,0.29,30,0,0,0,0,1,0,1,0,0,1,0
GH013557,7,1800,0.29,30,0,0,0,0,1,0,1,0,0,1,0
GH013558,7,1800,0.29,30,0,0,0,0,1,0,0,0,1,1,0
GH013559,7,1800,0.29,30,0,0,0,0,1,0,0,1,0,1,0
GH013560,7,1800,0.29,30,0,0,0,0,1,0,0,0,1,1,0
GH013561,7,1800,0.29,30,0,0,0,0,1,0,1,0,0,1,0
GH013562,7,1800,0.22,45,0,0,0,0,1,0,0,0,1,1,0
GH013563,7,1800,0.22,45,0,0,0,0,1,0,0,0,1,1,0
GH013564,7,1800,0.22,45,0,0,0,0,1,0,0,0,1,1,0
GH013565,7,1800,0.22,45,0,0,0,0,1,0,0,0,1,1,0
GH013566,7,1800,0.22,45,0,0,0,0,1,0,0,0,1,1,0
GH013567,7,1800,0.22,45,0,0,0,0,1,0,0,0,1,1,0
GH013568,7,1800,0.29,45,0,0,0,0,1,1,0,0,0,0,0
GH013569,7,1800,0.29,45,0,0,0,0,1,0,1,0,0,1,0
GH013570,7,1800,0.29,45,0,0,0,0,1,0,0,0,1,1,0
GH013571,7,1800,0.29,45,0,0,0,0,1,1,0,0,0,0,0
GH013572,7,1800,0.29,45,0,0,0,0,1,0,1,0,0,1,0
GH013573,7,1800,0.29,45,0,0,0,0,1,0,1,0,0,1,0
GH013574,7,1800,0.36,30,0,0,0,0,1,1,0,0,0,0,0
GH013575,7,1800,0.36,30,0,0,0,0,1,0,1,0,0,1,0
GH013576,7,1800,0.36,30,0,0,0,1,0,1,0,0,0,0,0
GH013577,7,1800,0.36,30,1,0,0,0,0,0,0,0,0,0,0
GH013578,7,1800,0.36,30,0,0,0,0,1,1,0,0,0,0,0
GH013579,7,1800,0.36,30,0,0,0,0,1,1,0,0,0,0,0
GH013613,7,1800,0.22,30,0,0,0,0,1,0,0,0,1,1,0
GH013614,7,1800,0.22,30,0,0,0,0,1,0,0,0,1,1,0
GH013615,7,1800,0.22,30,0,0,0,0,1,0,0,0,1,1,0
GH013616,7,1800,0.22,30,0,0,0,0,1,0,0,0,1,1,1
GH013617,7,1800,0.22,30,0,0,0,0,1,0,0,0,1,1,0
GH013618,7,1800,0.22,30,0,0,0,0,1,0,0,0,1,1,0
GH013619,7,1800,0.36,45,0,0,0,0,1,1,0,0,0,1,0
GH013620,7,1800,0.36,45,0,0,0,0,1,1,0,0,0,0,0
GH013621,7,1800,0.36,45,0,0,0,0,1,0,1,0,0,0,0
GH013622,7,1800,0.36,45,0,0,0,0,1,0,1,0,0,1,0
GH013623,7,1800,0.36,45,1,0,0,0,0,0,0,0,0,0,0
GH013624,7,1800,0.36,45,0,0,0,0,1,0,1,0,0,0,0
GH013625,7,1800,0.29,45,0,0,0,0,1,0,1,0,0,1,0
GH013626,7,1800,0.29,45,0,0,0,0,1,0,1,0,0,1,0
GH013627,7,1800,0.29,45,0,0,0,0,1,1,0,0,0,0,0
GH013628,7,1800,0.29,45,0,0,0,0,1,0,0,0,1,1,0
GH013629,7,1800,0.29,45,0,0,0,0,1,0,0,0,1,1,0
GH013630,7,1800,0.29,45,0,0,0,0,1,0,0,0,1,1,0
GH013631,7,1800,0.36,30,0,0,0,0,1,0,0,1,0,1,0
GH013632,7,1800,0.36,30,1,0,0,0,0,0,0,0,0,0,0
GH013633,7,1800,0.36,30,0,0,0,0,1,0,0,0,1,1,0
GH013634,7,1800,0.36,30,0,0,0,0,1,0,1,0,0,1,0
GH013635,7,1800,0.36,30,0,0,0,0,1,0,1,0,0,1,0
GH013636,7,1800,0.36,30,0,0,0,1,0,1,0,0,0,0,0
GH013637,7,1800,0.29,30,0,0,0,0,1,0,0,0,1,1,0
GH013638,7,1800,0.29,30,0,0,0,0,1,0,0,0,1,1,0
GH013639,7,1800,0.29,30,0,0,0,0,1,0,1,0,0,1,0
GH013640,7,1800,0.29,30,0,0,0,0,1,0,0,0,1,1,1
GH013641,7,1800,0.29,30,0,0,0,0,1,0,0,0,1,1,0
GH013643,7,1800,0.29,30,0,0,0,0,1,0,0,0,1,1,0
GH013644,9,1800,0.29,60,0,0,0,0,1,0,0,1,0,1,0
GH013645,9,1800,0.29,60,0,0,0,0,1,0,0,1,0,1,0
GH013646,9,1800,0.29,60,0,0,0,0,1,0,0,1,0,1,0
GH013647,9,1800,0.29,60,0,0,0,0,1,0,1,0,0,1,0
GH013648,9,1800,0.29,60,0,0,0,1,0,0,1,0,0,0,0
GH013649,9,1800,0.29,60,0,0,0,0,1,0,1,0,0,1,0
GH013650,9,1800,0.22,45,0,0,0,0,1,0,0,0,1,1,0
GH013651,9,1800,0.22,45,0,0,0,0,1,0,0,0,1,1,0
GH013653,9,1800,0.22,45,0,0,0,0,1,0,0,1,0,1,0
GH013654,9,1800,0.22,45,0,0,0,0,1,0,0,1,0,1,0
GH013655,9,1800,0.22,45,0,0,0,1,0,0,0,0,1,1,1
GH013656,9,1800,0.22,45,0,0,0,0,1,0,0,0,0,1,0
GH013657,9,1800,0.36,30,0,0,0,1,0,1,0,0,0,0,0
GH013658,9,1800,0.36,30,0,0,0,1,0,1,0,0,0,0,0
GH013659,9,1800,0.36,30,0,0,0,0,1,0,1,0,0,0,0
GH01366,9,1800,0.22,45,0,0,0,0,0,0,0,0,1,0,0
GH013660,9,1800,0.36,30,1,0,0,0,0,0,0,0,0,0,0
GH013661,9,1800,0.36,30,0,0,0,1,0,1,0,0,0,0,0
GH013663,9,1800,0.36,60,1,0,0,0,0,0,0,0,0,0,0
GH013664,9,1800,0.36,60,1,0,0,0,0,0,0,0,0,0,0
GH013665,9,1800,0.36,60,1,0,0,0,0,0,0,0,0,0,0
GH013666,9,1800,0.36,60,1,0,0,0,0,0,0,0,0,0,0
GH013667,9,1800,0.22,30,0,0,0,0,1,1,0,0,0,1,0
GH013668,9,1800,0.22,30,0,0,1,0,0,1,0,0,0,0,0
GH013669,9,1800,0.22,30,0,0,0,0,1,0,1,0,0,1,0
GH013670,9,1800,0.22,30,0,0,0,0,1,1,0,0,0,0,0
GH013671,9,1800,0.22,30,0,0,0,0,1,0,1,0,0,1,0
GH013672,9,1800,0.22,30,0,0,0,0,1,0,1,0,0,1,0
GH013673,9,1800,0.29,45,0,0,0,0,1,1,0,0,0,0,0
GH013674,9,1800,0.29,45,0,0,0,0,1,1,0,0,0,0,0
GH013675,9,1800,0.29,45,1,0,0,0,0,0,0,0,0,0,0
GH013676,9,1800,0.29,45,1,0,0,0,0,0,0,0,0,0,0
GH013677,9,1800,0.29,45,1,0,0,0,0,0,0,0,0,0,0
GH013678,9,1800,0.29,45,0,0,1,0,0,1,0,0,0,0,0
GH013679,9,1800,0.29,30,0,0,1,0,0,1,0,0,0,0,0
GH013680,9,1800,0.29,30,0,0,0,0,1,0,1,0,0,1,0
GH013681,9,1800,0.29,30,0,0,0,0,1,0,0,0,1,1,0
GH013682,9,1800,0.29,30,0,0,0,1,0,1,0,0,0,0,0
GH013683,9,1800,0.29,30,1,0,0,0,0,0,0,0,0,0,0
GH013684,9,1800,0.29,30,0,0,0,1,0,1,0,0,0,0,0
GH013685,9,1800,0.36,45,1,0,0,0,0,0,0,0,0,0,0
GH013686,9,1800,0.36,45,0,0,0,0,1,1,0,0,0,0,0
GH013687,9,1800,0.36,45,0,0,0,0,1,0,0,0,1,1,1
GH013688,9,1800,0.36,45,1,0,0,0,0,0,0,0,0,0,0
GH013689,9,1800,0.36,45,1,0,0,0,0,0,0,0,0,0,0
GH013690,9,1800,0.36,45,1,0,0,0,0,0,0,0,0,0,0
GH013691,9,1800,0.22,60,0,0,0,0,1,0,0,1,0,1,0
GH013692,9,1800,0.22,60,0,0,0,1,0,1,0,0,0,0,0
GH013693,9,1800,0.22,60,1,0,0,0,0,0,0,0,0,0,0
GH013694,9,1800,0.22,60,0,0,0,1,0,0,1,0,0,1,0
GH013695,9,1800,0.22,60,0,0,0,1,0,0,1,0,0,1,0
GH013696,9,1800,0.22,60,0,0,0,0,1,0,1,0,0,1,0
GH013697,9,1800,0.22,30,0,0,0,0,1,0,0,0,1,1,1
GH013698,9,1800,0.22,30,0,0,0,1,0,0,1,0,0,1,0
GH013699,9,1800,0.22,30,0,0,0,0,1,0,1,0,0,1,0
GH013700,9,1800,0.22,30,0,0,0,1,0,1,0,0,0,0,0
GH013701,9,1800,0.22,30,0,0,0,0,1,1,0,0,0,0,0
GH013702,9,1800,0.22,30,0,0,0,0,1,1,0,0,0,0,0
GH013703,9,1800,0.29,60,0,0,0,0,1,0,0,0,1,1,1
GH013704,9,1800,0.29,60,0,0,0,0,1,1,0,0,0,1,0
GH013705,9,1800,0.29,60,0,0,0,0,1,0,1,0,0,1,0
GH013706,9,1800,0.29,60,1,0,0,0,0,0,0,0,0,0,0
GH013707,9,1800,0.29,60,0,1,0,0,0,1,0,0,0,0,0
GH013708,9,1800,0.29,60,1,0,0,0,0,0,0,0,0,0,0
GH013709,9,1800,0.29,45,0,0,0,0,1,1,0,0,0,0,0
GH013710,9,1800,0.29,45,1,0,0,0,0,0,0,0,0,0,0
GH013711,9,1800,0.29,45,1,0,0,0,0,0,0,0,0,0,0
GH013712,9,1800,0.29,45,0,0,0,1,0,1,0,0,0,0,0
GH013713,9,1800,0.29,45,0,0,0,0,1,0,0,1,0,1,0
GH013714,9,1800,0.29,45,0,1,0,0,0,1,0,0,0,0,0
GH013715,9,1800,0.36,45,0,1,0,0,0,1,0,0,0,0,0
GH013716,9,1800,0.36,45,0,0,0,0,1,1,0,0,0,0,0
GH013717,9,1800,0.36,45,0,0,0,0,1,1,0,0,0,0,0
GH013718,9,1800,0.36,45,0,0,0,1,0,0,1,0,0,1,0
GH013719,9,1800,0.36,45,1,0,0,0,0,0,0,0,0,0,0
GH013720,9,1800,0.36,45,1,0,0,0,0,0,0,0,0,0,0
GH013721,9,1800,0.29,30,1,0,0,0,0,0,0,0,0,0,0
GH013722,9,1800,0.29,30,0,0,0,1,0,0,1,0,0,1,0
GH013723,9,1800,0.29,30,0,0,0,0,1,1,0,0,0,0,0
GH013724,9,1800,0.29,30,1,0,0,0,0,0,0,0,0,0,0
GH013725,9,1800,0.29,30,0,0,0,0,1,1,0,0,0,0,0
GH013726,9,1800,0.29,30,1,0,0,0,0,0,0,0,0,0,0
GH013727,9,1800,0.22,45,1,0,0,0,0,0,0,0,0,0,0
GH013728,9,1800,0.22,45,0,0,0,0,1,0,0,1,0,1,0
GH013729,9,1800,0.22,45,0,0,0,0,1,0,0,1,0,1,0
GH013730,9,1800,0.22,45,0,0,0,0,1,0,1,0,0,0,0
GH013731,9,1800,0.22,45,0,0,1,0,0,0,0,0,1,0,0
GH013732,9,1800,0.22,45,1,0,0,0,0,0,0,0,0,0,0
GH013733,9,1800,0.36,30,0,0,0,0,1,1,0,0,0,0,0
GH013734,9,1800,0.36,30,1,0,0,0,0,0,0,0,0,0,0
GH013735,9,1800,0.36,30,1,0,0,0,0,0,0,0,0,0,0
GH013736,9,1800,0.36,30,0,0,0,1,0,0,1,0,0,0,0
GH013737,9,1800,0.36,30,1,0,0,0,0,0,0,0,0,0,0
GH013738,9,1800,0.36,30,0,0,0,0,1,0,0,1,0,1,0
GH013739,9,1800,0.22,60,0,0,0,0,1,0,0,1,0,1,0
GH013740,9,1800,0.22,60,0,0,0,0,1,0,0,1,0,1,0
GH013741,9,1800,0.22,60,0,0,0,0,1,0,0,1,0,0,0
GH013742,9,1800,0.22,60,0,0,0,0,1,0,1,0,0,1,0
GH013743,9,1800,0.22,60,0,0,0,1,0,0,1,0,0,0,0
GH013744,9,1800,0.22,60,1,0,0,0,0,0,0,0,0,0,0
